0,1,2,3,4,5,6,7,8,9,10,11,cluster
-0.7422923415122974,-0.8343901145344371,1.5831360190071375,-0.13251278515780143,0.891761232190599,-0.5855726630020611,0.9561553807242259,-0.5719085825740194,-0.5198716515060696,-1.3535732881792397,0.485610272095391,0.10446492187481352,2
0.8565430121865977,-0.0962867658843965,-0.08869109350180054,-0.14578905983227594,-1.1213763997606334,-0.4154052328797939,0.06812124254121718,2.182807797691981,-0.4967504960075462,-0.5382162656053402,0.138787906623376,0.4429243285267596,5
0.1695909400650186,1.4692445404879821,1.3044981669223144,0.6877527344357088,-1.1213763997606334,-0.3280824726854726,-0.7440361077865579,2.244921374381961,0.41846190914233516,-1.1121326164461918,0.22337975856261347,-0.136567690415762,5
0.8808598996953262,1.4598419500593192,-0.08869109350180054,0.4654402134160779,-1.1213763997606334,-0.357190059416913,-0.7451819582874392,1.6268912863166596,-0.23021495345512455,0.9697984217764835,0.13912610493197908,0.587911347499472,5
-0.5538364633196525,1.2670888462717294,0.7472224627526685,0.6247555095097712,0.891761232190599,-0.5531065085708391,-0.7546352249197099,1.1237713151278215,-0.6104295105419526,0.581910129484046,0.18055539773580298,-0.16169859996838515,5
0.607294915222131,1.0837383329128019,-0.36732894558662355,0.3735475671398133,0.891761232190599,-0.5217598767062109,-0.7559923416066913,1.9529875639390546,-0.365088360529844,0.7521060128368499,0.22325293419688746,0.848050574225234,5
1.276009321712163,0.05415468097421061,1.0258603148374914,-0.27881212568828456,0.891761232190599,-0.10529748193329387,-0.7451103426311341,-0.34676761300745634,4.227030023204649,-0.8825660761098513,0.30885938106193295,-0.0024652306098096608,6
0.7349585746429553,1.436335473987662,1.5831360190071375,0.460754469413322,-1.1213763997606334,-0.5239989218393987,-0.758455920183586,2.046157928974025,0.9001526486949044,-0.3759364698503409,0.30902848021623386,-0.172817702708571,5
-0.28635070072363944,0.8298683913389024,0.18994675858302246,0.04736772072576425,-1.1213763997606334,-0.5978874112345937,-0.7588412124145073,2.198336191864476,2.903986125233592,-1.7842084534998235,0.4774512379003528,1.014259443193473,5
1.1422664404141565,0.9379981812685263,1.5831360190071375,0.8918429176668459,-1.1213763997606334,0.2764597132752135,-0.751197673417066,2.033735213636029,-0.9315566702436654,0.1742316181970959,0.266077295023698,-0.06365938627640277,5
0.5404234745731277,1.0320240855551557,-0.9246046497562695,0.07730441852114789,-1.1213763997606334,-0.4277199811123264,-0.5384633663628218,-0.2116705837067497,0.8680399327247331,1.1162460423358733,0.22194241575105197,-0.4371048759643633,3
0.5525819183274919,1.0649331520554761,-1.2032425018410926,0.43758606851080784,0.891761232190599,-0.4042100072138553,-0.7568624718307979,1.0026498405823603,-0.8332917593749413,0.744189925239045,0.26370990686347895,0.07834806063390043,5
0.8565430121865977,1.4645432452736507,-0.9246046497562695,0.07183771718459961,-1.1213763997606334,-0.2833015700217181,-0.751591559526744,1.5119811694401966,-0.3779334469179125,1.4012251958568476,0.22283018631113394,0.09406248005342871,5
0.8443845684322334,0.7358424870522735,0.18994675858302246,-0.021877162870514315,-1.1213763997606334,-0.324723904985691,-0.7203671333777285,1.9529875639390546,-1.0278948181541792,-0.5382162656053402,0.22443662827699698,0.29166978406416905,5
-0.031023381881990556,0.5195829071930258,-0.9246046497562695,-0.047388435774406386,-1.1213763997606334,-0.4613056581101423,-0.6072143964157,-0.46975249485361675,0.4248844523363694,-0.5025938714152184,-0.11549494665723978,-0.20925882457972697,3
-0.44441046953037444,1.0320240855551557,1.5831360190071375,0.5375486072362625,0.891761232190599,-0.5721383922029347,-0.7513409047296761,-0.5716367735624241,1.2983503267250283,-1.1477550106363137,0.18144316829588497,-0.2688980432224972,1
0.49786892143285283,-0.8296888193201056,1.0258603148374914,-0.43292103955669414,-1.1213763997606334,-0.3672657625162578,0.03947498001918462,0.884634044871398,-0.602080204389708,0.30880510735977845,0.05487245130134406,-0.09460610777008409,3
0.8930183434496903,0.7828554391955878,-1.2032425018410926,0.8798682385486923,0.891761232190599,-0.4277199811123264,-0.261310776462157,0.11753137275014451,-0.5648294538643093,0.5225394725005096,0.09689359114522303,-0.2953797500220726,6
1.221296324817524,-0.23732562231434065,0.46858461066784546,0.2043401448180801,-1.1213763997606334,-0.35047292401734986,-0.36873426091977907,-0.5482019422130615,-0.6952070807032048,-1.3812795947715566,0.17958307759857053,0.02466364271644065,3
1.1605041060457029,1.389322521844347,1.3044981669223144,0.8944461087794878,-1.1213763997606334,0.029045226057969824,-0.7574604625609453,1.8225490528900967,0.23220815651534174,1.155826480324897,0.22515529968277745,0.6956841194886249,5
0.3337299307489357,1.5115561974169653,1.5831360190071375,0.7762612322655388,0.891761232190599,0.3212406159389681,-0.3400879983977465,-0.5710970065809883,3.5077051854728123,1.2508195314985553,0.2649781505207389,0.7347225942654961,1
0.7714339059060481,0.7828554391955878,-0.6459667976714465,0.3717253333609639,-1.1213763997606334,-0.5217598767062109,-0.17179120608080534,1.5865174614681725,-0.5307899749359277,1.3062321446831893,0.053604207644084086,0.7045794016807736,5
0.8383053465550513,-0.48179297345957667,-1.2032425018410926,0.10463792520388954,0.891761232190599,-0.3168872470195339,-0.7589529328383433,2.03062953480153,-0.8602664407898851,-0.4907197400185111,0.18152771787303604,0.5066376559079261,5
0.19998704945092918,-0.2937411648863183,1.3044981669223144,-0.14292554960836942,-1.1213763997606334,-0.2866601377214996,-0.7388797805325921,1.7666468338691146,-0.8731115271779537,1.4685119404381888,0.2641326547492325,0.7065773654544008,5
0.19998704945092918,0.23280389911880603,-1.4818803539259155,-0.19577032919500337,0.891761232190599,-0.3135286793197524,-0.7571704191529098,1.8753455930765799,-1.0253258008765656,1.2983160570853844,0.2664154933323004,0.6815593842889826,5
-0.2377169257061825,0.9379981812685263,-1.4818803539259155,0.38552224625796677,0.891761232190599,-0.41652475544638784,-0.7579725145035268,2.2324986590439653,-0.8576974235122714,-0.3165658128668045,0.13844970831477355,-0.17253972514006635,5
0.8869391215725083,0.8392709817675654,0.18994675858302246,0.16529227812844924,0.891761232190599,-0.1579150425632054,-0.75562352097672,1.7852809068761086,-0.7658550558375815,0.4275464213268513,0.18144316829588497,0.43883718958983975,5
0.8687014559409619,0.985011133411841,-1.4818803539259155,-0.4990420938178021,0.891761232190599,-0.13888315893110964,-0.7579044796300368,1.9840443522840447,0.5918705753812602,-0.9815171710824117,0.13861880746907507,0.05782984135865124,5
-0.06141949126790113,1.2200758941284147,1.5831360190071375,0.427693942282768,0.891761232190599,-0.30681154392018917,-0.6620003734890872,0.84736589885741,-0.4961082416881428,0.8035605822225814,0.2231261098311615,0.30057375305533346,1
0.9902858934846036,0.5430893832646831,0.46858461066784546,0.07808537585494053,0.891761232190599,-0.06499466953591473,-0.7438570686457951,2.393993958437913,-0.7523677151301096,0.015909866240999215,0.22240743842538102,0.15816236999079694,5
0.8504637903094155,1.389322521844347,1.0258603148374914,0.8470680305294024,-1.1213763997606334,-0.2855406151549058,-0.557083437002143,1.943670527435558,-0.6637366190524369,0.15048335540368132,0.223675682082641,0.6763473048795204,5
1.1361872185369744,1.314101798415044,0.7472224627526685,0.0640281438466734,-1.1213763997606334,-0.4154052328797939,-0.7573995892530861,-0.25204440855523674,-0.8230156902644865,1.2349873563029456,0.09689359114522303,0.3863037725419695,3
0.6924040215026805,1.1918681228424257,1.3044981669223144,0.4521639387416034,-1.1213763997606334,-0.41988332314616933,-0.755172342341998,2.0275238559670306,-0.7485141892136891,0.5502457790928266,0.18156999266161097,0.43883718958983975,5
1.2334547685718882,-0.02106604245509294,-0.08869109350180054,-0.004956420638340882,-1.1213763997606334,-0.15343695229682996,-0.7489059724153034,0.7666182491604359,-0.09534154638040523,-0.15428601711180517,0.13937975366343106,0.3896829373591041,3
0.5282650308187634,0.8627774578392228,0.46858461066784546,0.3498585280147708,0.891761232190599,-0.4534690001439853,-0.6261925453365466,1.93745916976656,-0.14672189193267932,0.3919240271367294,0.1395911276063075,0.7480133967596245,5
0.6924040215026805,0.35973886990575576,-1.2032425018410926,-0.17260192829248902,0.891761232190599,-0.3639071948164762,-0.7508754029636932,1.9716216369460486,0.07164457666448538,-0.04741883454143963,0.13895700577767753,-0.21730714386783803,5
1.1422664404141565,-0.4300787261019305,-1.4818803539259155,-0.08773789802035802,0.891761232190599,-0.4892937222749889,-0.7351557664047278,-0.5717172106442377,-0.4614265084403579,-0.10678949152497605,0.00980752668004115,-0.28634547904567165,6
0.19390782757374705,0.7029334205519532,1.0258603148374914,0.6984258179975413,-1.1213763997606334,-0.46914231607629936,-0.7522361004334897,-0.5712647132380512,-0.5134491083120353,0.7402318814401426,0.35045777302005837,-0.1668194679881817,3
0.820067680923505,1.3094005032007126,-1.4818803539259155,0.2905057706465319,0.891761232190599,-0.44115425191145274,-0.75815871520992,0.6548138111184719,-0.7440184089778651,-0.23740493688875594,0.30852118275332985,-0.36598170902274485,6
1.1118703310282458,0.27511555604778926,-1.4818803539259155,0.015348470040267192,-1.1213763997606334,-0.40085143951407365,-0.6143759620462081,-0.512610862769703,-0.39720107650001524,0.4315044651257537,0.2664154933323004,-0.39594247882813627,3
1.0085235591161499,0.9991150190548355,1.5831360190071375,0.5281771192307512,0.891761232190599,-0.13440506866473423,-0.7561498960505624,-0.012907138298813606,-0.9071510061063353,0.0990287860179502,0.26590819586939646,0.4024438451132705,1
1.3915145373786233,1.003816314269167,-1.4818803539259155,0.41129383827312316,0.891761232190599,0.3212406159389681,-0.7495147054938966,-0.5537611073268148,-0.7131902016465007,0.6610710054620941,0.13844970831477355,-0.036226474984600514,6
0.31549226511738937,1.5209587878456283,-0.9246046497562695,0.7809469762682943,0.891761232190599,-0.3314410403852542,-0.4296075687790982,1.4063880890672305,-0.8095283495570146,1.5753791230085545,0.05614069495860404,-0.23359489202240716,5
0.011531171258284257,1.0696344472698076,0.18994675858302246,1.245095951652372,0.891761232190599,-0.21948878372586794,-0.753847452700354,2.039946571305027,-0.1852571510968849,-0.28094341867668265,0.22397160560266793,0.4182668495204959,5
0.42491825890666746,0.29392073690511517,-1.4818803539259155,0.08615526830413081,-1.1213763997606334,-0.06947275980229016,0.429780306881878,-0.5719260675458577,-0.2880178422014329,-0.5975869225888767,0.13819605958332154,-0.4095503494863403,3
-0.3896974726357354,-0.5899227633892006,1.3044981669223144,-0.23325628121704894,-1.1213763997606334,-0.4904132448415827,-0.2971186046146977,-0.571929328508634,-0.23021495345512455,0.00799377864319436,0.22075872167094304,-0.3383272843560405,3
0.5282650308187634,0.7217386014092791,0.7472224627526685,0.34621406045707187,-1.1213763997606334,2.694628457117958,-0.25772999364690297,-0.571929328508634,0.9836457102173498,1.432889546248067,0.05411150510698808,-0.41363314502375226,8
1.0997118872738816,0.28451814647645224,0.46858461066784546,0.7187307086761494,-1.1213763997606334,-0.23068400939180658,-0.7157121157178982,-0.515716541604202,-0.6797929770375225,1.7534910939591632,0.05449197820416607,-0.14348672583182295,3
0.017610393135466373,0.7875567344099192,-0.36732894558662355,0.37693171558624794,-1.1213763997606334,-0.5105646510402723,-0.4947778160167222,-0.3088783312265685,-0.4550039652463236,-0.5936288787899742,0.2676414622009849,-0.2531401898078901,3
-0.158687041302815,0.35503757469142433,1.0258603148374914,0.49745946410157493,0.891761232190599,0.23167881061145895,-0.7013889844568819,-0.5719258501483393,-0.15956697832074784,-0.6688317109691203,-0.45339733173985997,-0.007942257389252767,1
0.41883903702948533,1.2482836654144034,-0.9246046497562695,0.5313009485659216,0.891761232190599,0.0010571618931232186,-0.7534535665906761,2.213864586036971,-0.2494825830372273,1.021252991162215,0.22278791152255903,-0.17111074670197216,5
1.1118703310282458,0.651219173194307,-0.36732894558662355,0.48522446587215734,-1.1213763997606334,-0.5665407793699654,-0.6512580250433251,-0.3896259809235425,-0.9527510627839784,1.6110015171986762,0.05440742862701561,-0.17466799089893006,3
0.5161065870643992,0.9474007716971893,-0.6459667976714465,0.5479613716868307,-1.1213763997606334,-0.3124091567531585,-0.7182186636885761,2.043052250139526,-0.9052242431481248,1.3339384512755064,0.13976022676060906,0.5894793147218185,5
0.8443845684322334,-0.23732562231434065,-0.08869109350180054,0.3506394853485632,-1.1213763997606334,-0.12209032043220185,-0.5982624393775648,-0.5568667861613138,-0.10818663276847375,-0.3996847326437555,0.13912610493197908,-0.16390504691839078,3
1.117949552905428,1.0508292664124816,-1.4818803539259155,0.6940003931060498,0.891761232190599,1.7878151781769287,-0.6659392345858667,-0.571792678639916,-0.861550949428692,0.4037981585334367,0.055083825244221125,0.016237447671143563,6
0.6012156933449488,1.2999979127720496,0.46858461066784546,0.46387829874849257,-1.1213763997606334,-0.35047292401734986,-0.7497653602909643,1.7790695492071107,-0.7164014732435178,1.0093788597655078,0.18156999266161097,-0.1205057990356029,5
1.1057911091510637,-0.05397510895541324,-1.2032425018410926,0.2884232177564182,0.891761232190599,-0.22620591912543098,-0.4231621597116409,-0.5337294788442962,0.22578561332130748,-0.15428601711180517,0.138787906623376,0.7919295091838507,6
1.0389196685020605,0.6418165827656441,0.7472224627526685,0.5721710490344017,0.891761232190599,-0.46354470324333,-0.7287819729935756,0.09579162090865148,-0.7632860385599679,1.1320782175314825,0.18203501533594002,-0.1712714524837639,1
0.9051767872040546,-0.2467282127430036,-0.36732894558662355,-0.1715606518474323,-1.1213763997606334,-0.24075971249115133,-0.5212756088496024,0.6920819571324598,0.013841687918177036,-0.11866362292168332,0.1812317943530085,-0.06948388501647669,3
1.014602780993332,0.43025829812072786,0.7472224627526685,-0.5714108067492513,0.891761232190599,-0.32248485985250325,-0.7474378514610492,2.0275238559670306,-0.9399059763959099,0.8629312392061179,0.13921065450912953,0.5901829454420959,5
-0.15260781942563287,1.5397639687029543,-0.08869109350180054,0.8512331363096297,-1.1213763997606334,-0.4042100072138553,-0.7404553249713038,0.20449038011611656,-0.6341929203598793,-0.2017825426986343,0.3072529390960699,-0.3085706543275197,3
0.6012156933449488,0.33153109861976693,-0.08869109350180054,0.054136017618633764,0.891761232190599,0.06375042562237948,-0.7452893817718967,0.6020172709319889,0.5019549706647806,0.24151836277843716,0.18118951956443297,0.35408877839198577,6
0.5343442526959455,1.2999979127720496,-0.36732894558662355,0.422487560057484,-1.1213763997606334,-0.31912629215272165,-0.5653192374772273,-0.41850879408438324,0.9579555374412128,-0.4194749516382676,0.18135861871873452,-0.3137697035384581,3
0.22430393695965764,1.022621495126493,0.7472224627526685,0.6640636953106663,0.891761232190599,-0.5363136700719311,-0.3973805234418116,0.08026322673615645,-0.636761937637493,-1.0883843536527773,0.22363340729406547,-0.2835830769586567,1
0.5465026964503098,0.6089075162653238,0.18994675858302246,0.5536883921346433,-1.1213763997606334,-0.09410225626735523,-0.7409566345654394,-0.571876842536331,-0.08249645999233671,-0.6173771415833887,0.305054650090153,-0.267204117414422,3
1.0814742216423352,-0.9660263805357181,1.3044981669223144,0.4266526658377113,-1.1213763997606334,-0.45458852271057915,-0.7117732546211187,-0.5588854774037382,-0.6855732659121534,0.9737564655753859,0.3027295367185095,-0.0332295293241598,3
1.1848209935544312,-0.763870686319465,-0.6459667976714465,-0.6169666512204869,-1.1213763997606334,0.023447613225000503,-0.7347260724668974,-0.09054910916128864,-0.6296971401240553,-0.5500903970020475,0.3286862569037629,1.1193740546838002,3
0.46139359016976017,0.16228447090383447,1.5831360190071375,-0.333999777276296,-1.1213763997606334,-0.5351941475053373,-0.3400879983977465,0.7604068914914379,-0.8564129148734645,0.15839944300148617,0.3083943583876039,0.9985580539724684,3
0.46139359016976017,1.314101798415044,-1.4818803539259155,0.2866009839775689,0.891761232190599,-0.2833015700217181,-0.755172342341998,0.8132034316779209,1.3754208450534393,0.8193927574181912,0.3922252641324853,0.7932108120386768,6
1.3854353155014412,-1.0224419231076958,-1.2032425018410926,0.5388502027925837,-1.1213763997606334,-0.24187923505774506,-0.6129436489201064,-0.559196045287188,-0.26875021261933013,-0.21761471789424403,0.1816122674501865,-0.07638989023401399,3
0.9234144528356003,0.3362323938340984,-0.6459667976714465,-0.2553834056745061,0.891761232190599,-0.2866601377214996,-0.7574568817781301,1.1889905706523,-0.7587902583241438,0.4077562023323391,0.2674723630466839,0.4991800389528874,5
0.04800650252137695,0.7969593248385821,1.5831360190071375,0.10281569142503996,0.891761232190599,-0.5956483661014059,-0.7520212534645745,-0.5716212451682516,-0.41646870608211806,0.38400793953892454,0.47715531438032527,-0.033272963319238645,1
1.3124846529752556,-0.6228318298895208,1.0258603148374914,0.6822860330991606,-1.1213763997606334,0.6906830629149427,-0.751197673417066,-0.5318660715435969,-0.7112634386882903,0.7560640566357524,0.3913374935724034,0.3679659398196786,3
0.18174938381938283,0.6747256492659645,-1.4818803539259155,1.2706072245562643,-1.1213763997606334,-0.39301478154791664,-0.7178605854070506,-0.5340400467277462,1.060716228545761,-0.27698537487778024,0.3924789128639373,-0.23484144768117018,6
0.12703638692474445,0.8909852291252116,-1.2032425018410926,-0.01927397175787209,0.891761232190599,-0.36502671738307013,-0.7461845774757103,2.043052250139526,0.6817861800977395,1.1597845241237996,0.34969682682570236,0.8345556319542351,5
-0.0006272724960799757,1.2294784845570776,-1.2032425018410926,-0.5612583614099473,0.891761232190599,-0.24635732532412064,-0.7588523128412347,1.8008093010486037,-0.7504409521718993,1.2626936628952627,0.3503732234429079,0.7813489879826426,5
-0.10397404440817594,1.4410367692019934,0.7472224627526685,-0.07576321890220473,-1.1213763997606334,-0.4501104324442037,-0.7581300689473979,2.0647920019810186,-0.9225651097720173,1.1004138671402635,0.35092279569438684,0.6539787974139122,5
0.8990975653268725,0.4067518220490705,0.18994675858302246,-0.47222922535758904,0.891761232190599,-0.3012139310872199,-0.591458952028582,2.139328294008995,-0.8943059197182667,0.16631553059929102,0.18144316829588497,0.6422342451445909,5
-0.10397404440817594,0.9897124286261725,0.46858461066784546,-0.20175766875408002,-1.1213763997606334,-0.05044087617019456,-0.7438212608176427,-0.29645561588857244,-0.5699674884195368,1.523924553622823,0.2674723630466839,0.7740737938069351,3
0.8383053465550513,1.144855170699111,-1.2032425018410926,0.31966151110812285,0.891761232190599,-0.11985127529901404,-0.7300710548070669,0.22001877428861158,1.991984991680728,-0.5144680028119256,0.2661195698122729,0.8935172802737752,6
1.2638508779577988,-0.025767337669424413,-1.4818803539259155,-0.09242364202311387,0.891761232190599,0.3660215186027225,-0.7515199438704389,1.4964527752677017,-0.8011790434047699,0.6491968740653867,0.26514724967504044,0.7110945009426012,5
0.9355728965899646,0.7734528487669248,-1.2032425018410926,0.17934951013671638,0.891761232190599,-0.034767560237880496,-0.7132055677472203,-0.5490404754983763,1.1763220060383772,0.13465118020807204,0.26548544798364293,0.13507720160638767,6
0.1452740525562908,0.33153109861976693,-0.9246046497562695,0.48678638053974266,0.891761232190599,-0.6079631143339383,-0.3221840843214762,-0.571929328508634,-0.0503837440221654,1.4447636776447743,0.3931130346925673,-0.15700772849986927,6
0.37628448388921054,1.1871668276280944,0.7472224627526685,1.1477366040395593,-1.1213763997606334,0.1264436893516359,-0.4775900585035027,-0.571929328508634,0.3221237612318214,1.2626936628952627,-1.171603714846158,-0.19748821191335836,3
-0.018864938127626324,0.7076347157662847,-0.9246046497562695,0.7739183602641608,0.891761232190599,0.7018782885808814,-0.014236762209626441,-0.571929328508634,-0.339398187753707,1.329980407476604,2.5036395795273907,-0.07853552959090923,0
0.13311560880192658,0.8063619152672451,1.0258603148374914,1.1625747933816188,-1.1213763997606334,-0.0896241660009798,-0.49262934632756983,-0.571929328508634,-0.41646870608211806,0.4750429469136804,-1.1695322502059664,-0.1655642255304029,3
-0.2073208163202719,0.18108965176115985,0.7472224627526685,0.5037071227719159,0.891761232190599,-0.3829390784485719,0.8379895478208417,-0.571929328508634,-0.41004616288808377,0.5344136038972168,2.5871322869636693,-0.17536293482019166,0
0.4309974807838496,1.154257761127774,-1.4818803539259155,1.0701615088828262,0.891761232190599,-0.5195208315730232,-0.6190309797060384,-0.571929328508634,-0.3779334469179125,0.48295903451148525,-0.9599338484494756,-0.3148164628198584,6
0.6316118027308594,-0.06337769938407618,0.46858461066784546,-0.5016452849304441,0.891761232190599,-0.07395085006866559,0.5515269226005162,-0.5719109118331455,-0.7883339570167014,1.7574491377580657,-0.8842619768996329,-0.17409031876438133,1
-0.420093582021646,-0.0445725185267503,-0.9246046497562695,0.12468249677123332,0.891761232190599,-0.6202778625664709,0.3617454333920507,-0.5701218234269555,-0.6129985278195663,0.827308845015996,-1.7886465288916882,-0.029715719122280753,6
1.1118703310282458,0.670024354051633,-1.2032425018410926,1.1456540511494457,0.891761232190599,-0.4377956842116712,-0.4213717683040139,-0.5713144040994032,-0.8454945914436064,0.88272145820063,-0.15620556805528324,-0.2220979135250353,6
0.503948143310035,0.24690778476180045,0.18994675858302246,0.45476712985424533,-1.1213763997606334,-0.2318035319584003,-0.7545994170915574,-0.5717700071844242,-0.6868577745509602,-0.39572668884485307,0.05597159580430311,-0.28800465765768374,3
-0.24987536946054673,-0.10098806109872796,-1.2032425018410926,-0.09971257713851174,0.891761232190599,-0.49153276740817664,0.24716038330392062,-0.571929328508634,-0.5892351180016395,0.8589731954072154,-1.080205621946292,-0.15569167844898008,6
-0.9064313321962145,-0.01636474724076147,-0.08869109350180054,0.012745278927624965,-1.1213763997606334,0.15779032121626405,-0.7325776027777449,-0.5717780819493938,0.0009966015301085126,-0.11866362292168332,2.1572822367297038,-0.16641987523345625,0
0.48571047767848863,-0.6416370107468468,0.46858461066784546,-1.1368239164151048,-1.1213763997606334,-0.49936942537433365,0.24716038330392062,-0.5690379415137155,0.5533353162170547,0.8945955895973373,-0.27098161903730694,0.29331593247765747,3
-0.7422923415122974,-2.7459367486816117,1.0258603148374914,-1.5658298117785148,0.891761232190599,-0.5430308054714943,2.4206955521631395,-0.5707429591938553,-0.42931379247018653,-1.6108461351078973,0.9839454798213929,0.0224050749723404,2
0.41883903702948533,-0.8108836384627798,-1.2032425018410926,-1.1066268995084567,0.891761232190599,-0.30681154392018917,-0.20759903423334605,0.04920643839116649,-0.4228912492761523,-0.23740493688875594,-0.49732083706962893,0.23273853954118406,6
0.3398091526261178,0.030648204902553253,1.3044981669223144,0.1447270683385771,-1.1213763997606334,-0.21053260319311692,-0.23266451394012455,-0.571929328508634,0.045954403888348344,1.1043719109391659,-0.44845118147654606,0.22926816333438385,3
-0.8699560009331219,-0.895506952320746,-0.08869109350180054,-0.4586926315718505,0.891761232190599,-0.577736005035904,1.7081197719275798,-0.571929328508634,0.7331665256500136,-0.6569575795724131,-1.677337010572842,-0.15295099335950457,2
0.24254160259120397,0.4725699550497111,1.5831360190071375,0.4766339352004385,-1.1213763997606334,0.2204835849455203,-0.4657734752131643,-0.571929328508634,-0.19167969429091916,0.5304555600983144,-0.840803494244193,0.05958457475983682,3
-1.593383404317793,-1.2622079790386005,1.0258603148374914,-0.5948395267630296,0.891761232190599,-0.6426683138983481,1.0671596479971022,-0.5482329990014065,-0.35224327414177553,-0.9577689082889973,-0.920280096765815,0.10295776224557739,2
-0.04318182563635479,1.596179511274932,1.0258603148374914,1.186263832506662,0.891761232190599,3.5006847050655394,-0.07152928725369147,-0.5719167815661426,0.1551376381869308,0.443378596522461,0.0547879017241936,-0.2703400518591151,8
-1.4292444136338762,0.6371152875513126,-0.9246046497562695,0.8814301532162776,0.891761232190599,2.1124767224891494,-0.204018251418092,-0.571929328508634,0.44415208191847216,-0.46697147722509674,0.7230677595230258,-0.1039270431140055,0
0.08448183378446965,1.5068549022026339,0.46858461066784546,0.9168335523482095,0.891761232190599,0.19809313361364303,-0.720009055096203,-0.5225490350400999,-0.08249645999233671,-0.7796569373383881,0.7768412905908464,-0.12382415625962713,1
-0.25595459133772885,1.3470108649153638,-0.9246046497562695,0.5422343512390183,0.891761232190599,-0.43667616164507733,-0.7560854419598878,-0.5710628441138087,0.990068253411384,1.6030854296008714,1.492722560325501,-0.2311365279009442,6
0.30941304324020724,-0.5429098112458858,1.0258603148374914,0.2819152399748132,0.891761232190599,-0.42436141341254485,-0.5524284193423127,-0.5718094493056223,1.9406046461284538,-0.6411254043768033,0.6033878330662631,-0.2744706247911138,1
0.18782860569656493,0.8674787530535543,-0.36732894558662355,0.4107732000505948,-1.1213763997606334,1.0377350585590404,-0.10733711540623217,-0.571929328508634,-0.08891900318637097,0.49087512210929013,0.05017994976948275,-0.3052045197089087,3
0.5221858089415813,0.9474007716971893,-1.4818803539259155,0.7981280376117319,0.891761232190599,-0.40309048464726144,-0.11449868103674032,-0.571929328508634,1.0799838581278633,1.2864419256886772,0.26531634882934196,-0.30890943948913474,6
-0.5416780195652883,-1.074156170465342,-0.9246046497562695,-0.6664272823606862,-1.1213763997606334,-0.059397056702945414,2.1772023207258626,-0.571929328508634,-0.7375958657838309,-0.5619645283987548,-0.9592151770436951,-0.6132384128081197,2
-1.976374382580266,-2.522155096479434,-0.6459667976714465,-2.2582786477413,0.891761232190599,-0.39973191694747984,2.4206955521631395,-0.5715069561871421,0.48910988427671204,-1.242748061809972,1.6804226215999702,-0.17177528682667859,7
-1.2894223104586875,-1.2010911412522913,-1.4818803539259155,0.1488921741188044,0.891761232190599,-0.5676603019365594,2.1951062348021333,-0.571929328508634,0.22578561332130748,-0.26511124348107296,-0.984875973708921,-0.09446277558632388,2
-0.9429066634593073,-0.35485800267262746,0.18994675858302246,-0.30302180303585563,-1.1213763997606334,1.3064204745415677,0.4226187412513699,-0.571929328508634,-0.42931379247018653,0.8748053706028251,3.4511021410777087,-0.5285117186078052,0
-0.5903117945827452,-0.853195295391763,0.7472224627526685,0.369382461359586,0.891761232190599,-0.6012459789343751,1.9229667408428242,-0.571929328508634,-0.31370801497756995,-0.9973493462780214,0.7657652959841097,-0.10042626311065012,2
0.2486208244683861,-2.2165709075478888,-0.9246046497562695,-1.994835707141925,0.891761232190599,3.9149080547052693,2.273883456737723,-0.571929328508634,-0.4614265084403579,-1.4643985145485074,-1.5361392167312364,-0.8466222985653096,2
0.15743249631065437,-1.0788574656796734,-0.08869109350180054,-0.4068891284302737,0.891761232190599,0.47797377526210894,1.6830542922208018,-0.571929328508634,1.5680971408744668,0.9539662465808737,-0.46151409114632325,-0.5870607439740962,2
-1.1678378729150456,-1.6524154818281125,1.0258603148374914,-0.47613401202655226,0.891761232190599,-0.19821785496058453,2.1951062348021333,-0.571929328508634,-0.5982266784732875,-0.43926517063277976,1.0455821215642254,-0.41900158681549826,2
-0.3593013632498248,-0.773273276748128,1.0258603148374914,-0.02395971576062796,0.891761232190599,0.8921971249018383,1.2068101777920108,-0.571929328508634,0.7010538096798423,1.048959297754532,-0.39586134448883437,-0.2896247456741249,1
-0.9246689978277609,-0.09158547067006502,0.46858461066784546,0.3139344906603103,0.891761232190599,-0.5419112829049004,-0.6867077749143403,-0.571929328508634,2.139703485143516,-1.3021187187935082,0.8981699338020465,-0.095214183701188,6
-2.3472069170883745,-2.3905188304781526,-0.9246046497562695,-1.812352010145717,0.891761232190599,-0.5564650762706207,2.717900525829227,0.3411402488340726,-0.5847393377658155,-1.365447419575947,0.424015905141134,-0.6528502163200318,7
-2.0614834888608153,-2.230674793190883,0.46858461066784546,-3.2441071220988453,-1.1213763997606334,-0.5049670382073029,2.6212193898173672,0.872211329533402,-0.8467791000824131,-1.5554335219232633,-0.8889544784314948,-0.3595230739545197,7
-3.3867538580865157,-2.5174538012651024,0.7472224627526685,-3.8030122539830935,-1.1213763997606334,-0.5340746249387434,2.624800172632621,0.24486420496460362,-0.6097872562225491,-1.7711469089634453,-1.3421402119590427,-0.6004384144583823,7
-1.471798966774151,-1.9768048516169838,-0.6459667976714465,-2.8294187778549666,0.891761232190599,-0.5810945727356857,2.7501275711665136,2.24802705321646,-0.23021495345512455,-1.0567200032615578,-1.5656892939453928,-0.7446392781201675,7
-2.414078357737378,-2.690931594673933,0.46858461066784546,-4.2705453778136055,0.891761232190599,-0.4736204063426748,2.8002585305800705,2.369148527761921,0.5918705753812602,-1.9274896390200913,-2.9136632024583964,-0.697904299415324,7
-2.3532861389655566,-2.2212722027622203,0.46858461066784546,-2.391562032708573,0.891761232190599,-0.571018869636341,2.1736215379106087,1.7883865857106078,1.0478711421576925,-1.3416991567825325,-2.887833306638869,-0.8139034700724112,7
-3.131426539244867,-1.6994284339714272,1.0258603148374914,-2.233288013059936,-1.1213763997606334,-0.3639071948164762,2.452922597500426,2.18591347652648,-0.44215887885825506,-1.9508420974336154,0.9834804571470644,-0.2181627935708914,7
-2.784910892245487,-1.5865973488274718,-1.4818803539259155,-1.963076775567692,0.891761232190599,-0.4590666129769546,2.5997346929258427,2.400205316106911,2.8333381500992156,-1.9350099222380057,-1.5940134022908645,-0.798901368172176,7
-1.374531416739237,-2.5268563916937654,-1.2032425018410926,-3.698363971254883,0.891761232190599,-0.4042100072138553,2.7537083539817675,1.869134235407582,-0.27517275581336437,-1.7869790841590552,1.376678265686217,-0.5739740812568385,7
-2.906495329789129,-1.1258704178229881,-1.2032425018410926,-1.219605393797122,0.891761232190599,-0.40309048464726144,1.5541461108716552,2.043052250139526,-0.04396120082813114,-1.9373847485173474,2.1962595917961587,-0.6152059727851916,7
-2.584296570298477,-2.829149673975279,-1.2032425018410926,-4.419447909456731,-1.1213763997606334,-0.44451281961123434,2.7465467883512598,1.7883865857106078,-0.35866581733580977,-1.9627162288303228,-0.20672394040280406,-0.6647207271750818,7
-3.1192680954905025,-2.6730666728594743,0.18994675858302246,-4.142989013294145,0.891761232190599,-0.5116841736068661,2.717900525829227,1.943670527435558,3.6361560493534975,-1.9338225090983352,-1.9866193637899634,-0.576753856941885,7
-0.9793819947224,-1.9156880138306747,-0.6459667976714465,-0.9824546834354313,0.891761232190599,-0.3751024204824149,2.3526606786733124,-0.39179995610769186,0.6496734641275685,-1.5277272153309462,0.6784255827874758,-0.6239492359945644,2
-3.4177578896601446,-2.5268563916937654,1.0258603148374914,-2.7062878382269973,-1.1213763997606334,-0.5038475156407091,2.674931132046178,2.136222615174496,1.0478711421576925,-1.946884053634713,-1.5151709215978726,-0.7766066984982019,7
-3.2530109767885094,-2.4845447347647824,-0.08869109350180054,-3.478654641347894,-1.1213763997606334,-0.44115425191145274,2.6856734804919404,2.049263607808524,-0.024693571246028532,-1.9330309003385544,-1.6121915613782571,-0.7841338098453667,7
-2.310731585825282,-0.3971696596016107,0.46858461066784546,-0.9504354327499338,-1.1213763997606334,-0.20605451292674148,1.2927489653581081,-0.30142470202377086,0.08448966305255391,-1.7790629965612503,-0.413151733016145,-0.40649259623278916,2
-2.7727524484911226,-1.3374287024679041,-1.4818803539259155,-1.5694742793362135,0.891761232190599,-0.3639071948164762,2.5746692132190647,1.8070206587176016,-0.41004616288808377,-1.9508420974336154,1.0877723605624052,-0.6509391205365623,7
-2.7666732266139404,-2.5456615725510914,-1.2032425018410926,-2.596693492384767,-1.1213763997606334,-0.47473992890926864,1.6472464640682611,2.254238410885458,0.10375729263465669,-1.9409469879363594,-0.26785328468273256,-0.6562641283332294,7
-3.2226148674025987,-2.836201616796776,-0.36732894558662355,-4.071661576807753,0.891761232190599,-0.4613056581101423,2.699996611752957,1.3970710525637335,1.6194774864267407,-1.8958252886288718,1.9484447811675687,-0.5223744951031635,7
-2.7545147828595766,-1.478467558897848,-0.36732894558662355,-2.177579723249397,-1.1213763997606334,-0.49153276740817664,2.1485560582038308,1.4032824102327315,1.3818433882474737,-1.9049287893663474,0.18326098420462447,0.0403563451384295,7
-3.3320408611918766,-2.3670123544064956,-0.36732894558662355,-2.5373407350165285,0.891761232190599,-0.5083256059070845,2.5997346929258427,0.7448784973189428,-0.6977760979808184,-1.9330309003385544,-1.0664663156593095,-0.42386619426432953,7
-2.3897614702286494,-2.522155096479434,0.7472224627526685,-2.656566887975534,0.891761232190599,-0.528477012105774,2.710738960198719,1.9964670676220406,-0.5751055229747641,-1.814685390751372,-0.308817554812228,-0.26090184472848077,7
0.4796312558013065,1.01321890469783,0.46858461066784546,0.672654225982385,-1.1213763997606334,-0.17134931336233167,-0.7106990197765425,-0.5719238004003085,0.6882087232917737,0.2810988007674614,-0.1144803517314318,-0.3413416036145127,3
0.7835923496604122,0.10586892833185681,-0.36732894558662355,0.46101478852458627,-1.1213763997606334,-0.4187638005795755,0.0788635909869794,-0.571929328508634,0.06522203347045112,-0.8429856381208269,0.2688674310696693,-0.20008122141956575,3
0.1513532744334729,0.9521020669115208,0.7472224627526685,0.8559188803123855,0.891761232190599,-0.4568275678437669,-0.7110570980580679,-0.5707367478361863,-0.08249645999233671,0.2652666255718517,-0.6192413273208834,-0.3401254517523049,1
0.46747281204694224,0.44906347897805377,-0.9246046497562695,0.49277372009881926,0.891761232190599,-0.5307160572389618,-0.6466030073834946,-0.571929328508634,1.4011110178295765,-0.5184260466108281,-0.7069192388261197,-0.3148903006114925,6
-0.7422923415122974,-0.35955929788695895,-1.4818803539259155,0.5797203032610639,-1.1213763997606334,-0.603485024067563,0.6374657101666139,-0.571929328508634,1.4075335610236106,-1.2387900180110696,0.6392791285667199,-0.2274272647212103,6
0.8139884590463229,-0.13389712759904826,-1.2032425018410926,0.7653278295924419,-1.1213763997606334,1.5974963418559722,-0.7175025071255252,-0.571929328508634,-0.3779334469179125,-0.11866362292168332,-1.5096751990830797,-0.39699358150904446,3
0.20606627132811128,0.06355727140287355,0.7472224627526685,0.6625017806430811,0.891761232190599,-0.5844531404354673,-0.43784336925418255,-0.56866836573241,-0.5712519970583436,-0.28490146247558507,-0.9595533753522976,-0.3094306474300809,1
-0.07357793502226537,0.7029334205519532,0.18994675858302246,0.7999502713905813,0.891761232190599,-0.5094451284736784,-0.5334502704214662,-0.5716979554354638,-0.6104295105419526,-1.2110837114187525,-0.7919338386511101,-0.3571732948207539,1
0.27901693385429666,0.5759984497650035,-0.36732894558662355,0.5565519023585496,0.891761232190599,0.8250257709062065,0.08244437380223336,-0.5719197319610353,1.6580127455909464,-0.30469168147009723,-0.8297697744260318,-0.37463810424195987,6
0.1452740525562908,-1.6853245483284327,-1.4818803539259155,0.14056196255834982,-1.1213763997606334,-0.5754969599027163,2.499472774098729,-0.571929328508634,0.24505324290341027,-0.9815171710824117,-0.5825045360489208,0.009548612429000514,2
0.3641260401348463,-0.28903986967198686,-1.2032425018410926,0.6349079548490754,-1.1213763997606334,0.4108024212664771,0.49781518037170513,-0.571929328508634,-0.6508915326643684,1.2666517066941652,1.1966722159324588,-0.3621899212523612,3
-0.821322225915665,0.7123360109806162,0.18994675858302246,0.8306679265197575,0.891761232190599,-0.21501069345949234,-0.6487514770726471,-0.571929328508634,0.7781243280082534,-0.055334922139244486,1.612360211993688,-0.31950733428837436,0
-1.0036988822311284,0.4772712502640426,-1.4818803539259155,0.5791996650385354,0.891761232190599,-0.38070003331538416,-0.5280790961985851,-0.5670223559501255,-0.11460917596250801,-1.0329717404681433,3.1832068058758356,-0.895559380820651,0
0.4492351464153959,0.8298683913389024,1.3044981669223144,0.21605450482496932,0.891761232190599,-0.4904132448415827,-0.7439286843021002,2.2324986590439653,1.118519117292069,-0.2136566740953416,-0.1138462299028018,-0.3412807960214023,5
0.765354684028866,0.10116763311752533,-0.36732894558662355,-0.14474778338721925,-1.1213763997606334,-0.46914231607629936,-0.7192928985331523,1.8256547317245957,-0.5012462762433703,-1.2189997990165573,0.264555402634986,-0.1996295078707457,5
-0.2741922569692752,0.8486735721962283,0.7472224627526685,0.1540985563440884,0.891761232190599,-0.6146802497335015,-0.7588129242302669,2.0088897829600367,-0.3265531013656385,0.8114766698203864,-0.6218623642125538,-0.34075958808045614,5
0.24254160259120397,0.749946372695268,-0.9246046497562695,0.15435887545535268,0.891761232190599,-0.41764427801298165,-0.7434273747079647,1.4529732715847155,0.7845468712022877,-1.0923423974516797,-0.7062428422089142,-0.31417798309219935,5
-0.9064313321962145,-0.4958968591025711,-1.4818803539259155,-0.42328923243991834,-1.1213763997606334,-0.6225169076996585,-0.6666553911489175,2.294612235733945,1.5359844249042955,-1.4762726459452147,0.6458317207958962,-0.2274272647212103,5
0.38236370576639267,-0.22322173667134623,-1.2032425018410926,0.1504540887863897,-1.1213763997606334,-0.27546491205556106,-0.756876794962059,2.083426074988013,-0.2366374966491588,-0.32448190046460934,-1.5093370007744766,-0.39711085329575735,5
0.07232339003010542,0.12937540440351417,-0.08869109350180054,0.21527354749117666,-1.1213763997606334,-0.4109271426134185,-0.7513767125578287,1.931247812097562,-0.1338768055446108,-0.8825660761098513,-0.9603143215466535,-0.3118064869608941,5
-1.2347093135640486,0.740543782266605,-1.2032425018410926,0.10307601053630425,0.891761232190599,-0.4937718125413643,-0.7579223835441131,2.0678976808155176,-0.3715109037238783,-1.084426309853875,3.4404488943567246,-0.36085649760344046,0
0.07232339003010542,0.3033233273337781,-0.36732894558662355,-0.028124821540855244,0.891761232190599,-0.51280369617346,-0.730930442682728,1.5958344979716694,1.3754208450534393,-1.2664963246033865,-0.8345045507464687,-0.37359568836006746,5
-0.876035222810304,-2.0849346415466075,-1.4818803539259155,-1.301085275622818,-1.1213763997606334,-0.6303535656658157,2.34191833022755,2.2759781627269513,0.39919427956023235,-1.815872803891043,-0.5805176209858804,0.009548612429000514,7
0.041927280644194834,-0.5758188777462061,-1.2032425018410926,-0.6138428218853168,-1.1213763997606334,-0.4669032709431116,-0.5760615859229895,2.0647920019810186,-0.6014379500703046,-0.7836149811372906,1.1946430260808427,-0.3585979298593402,5
-0.5842325727055631,0.7076347157662847,0.18994675858302246,-0.15620182428284393,0.891761232190599,-0.586692185568655,-0.758772103306173,1.9995727464565398,1.8378439550239056,-0.5619645283987548,1.6200119487258222,-0.3160890788756688,5
-0.07965715689944748,0.8862839339108801,-0.9246046497562695,0.33293778578259736,0.891761232190599,-0.577736005035904,-0.7397749762364055,-0.571908893141903,0.7010538096798423,0.277140756968559,-0.4960103186237934,-0.11617977312574936,6
-0.7848468946525723,-0.6416370107468468,-0.08869109350180054,-0.40064146975993253,0.891761232190599,0.1868979079477044,2.1628791894648463,-0.5719049178729948,-0.44215887885825506,1.7218267435679437,-1.0832071319351406,-0.22968583246531057,2
-1.2894223104586875,-1.5160779206124997,1.0258603148374914,-1.2599548560430738,-1.1213763997606334,-0.4613056581101423,2.1700407550953544,-0.56854413857903,-0.26232766942529584,-1.0329717404681433,-1.9796862984636092,-0.2721469060543953,2
0.6437702464852236,1.323504388843707,-0.9246046497562695,1.2529055249902983,-1.1213763997606334,-0.5239989218393987,-0.02139832784013458,2.269766805057953,-0.594373152556867,-1.1160906602450942,0.2656122723493689,-0.36919582465857986,5
1.3124846529752556,-0.15270230845637417,0.18994675858302246,0.573472644590723,0.891761232190599,0.1868979079477044,-0.5681838637294306,-0.571929328508634,-0.40362361969404953,0.443378596522461,0.7325373121638995,-0.38749456678529975,1
0.1513532744334729,0.66062176362297,-0.08869109350180054,1.3052296663544034,0.891761232190599,-0.44899090987760987,-0.07511007006894554,-0.571929328508634,-0.05680628721619966,0.5700359980873386,-0.7904542210509737,-0.1389522167455909,1
-0.18300392881154345,-1.2198963221096173,0.46858461066784546,-0.32176477904687867,-1.1213763997606334,2.291600333144167,0.15406003010731478,-0.5671155263151605,-0.6129985278195663,0.18610574959380316,-0.8150158732132411,0.14992728452384682,8
0.3398091526261178,0.35033627947709284,0.18994675858302246,0.1462889830061624,-1.1213763997606334,-0.438915206778265,-0.6007689873482427,-0.571929328508634,-0.7517254608107062,0.8114766698203864,-1.2144280756729677,-0.14106310890642307,3
-1.3623729729848728,0.15288188047517154,1.5831360190071375,0.789277187828749,-1.1213763997606334,-0.4355566390784835,-0.7368387343278971,-0.571929328508634,-0.7337423398674102,-0.2453210244865608,2.8456426191018185,-0.0820667133908198,0
0.7228001308885912,0.5477906784790146,1.5831360190071375,0.46127510763585056,0.891761232190599,-0.5139232187400539,-0.7164282722809491,-0.5719140796255566,0.9579555374412128,-0.16220210470961002,0.18419102955328137,-0.1432130916628262,1
-1.696730176229889,-0.06807899459840766,-0.6459667976714465,0.20043535814911687,0.891761232190599,-0.16799074566255015,-0.5005070685211287,-0.571929328508634,1.2341248947846857,-1.7584811688069577,2.5026672593901584,0.062942022579432,0
-0.8091637821613007,0.6888295349089588,-1.2032425018410926,-0.0013119530806419495,-1.1213763997606334,-0.5743774373361225,-0.7552081501701506,-0.5485746236732014,3.5141277286668466,-1.3535732881792397,0.05592932101572758,1.4197071004555308,6
0.34588837450329996,0.24690778476180045,-1.2032425018410926,0.7910994216075983,0.891761232190599,-0.42212236827935706,-0.5116074952484164,-0.571929328508634,-0.06322883041023392,0.3998401147345343,0.6040642296834692,-0.25558986713033727,6
0.1452740525562908,0.9803098381975096,-0.36732894558662355,1.1466953275945024,0.891761232190599,-0.3762219430490087,-0.5452668537118046,-0.571929328508634,0.09091220624658818,-0.43530712683387734,0.47829673367185865,0.028846336442533996,6
-0.7909261165297543,1.1072448089844593,-1.4818803539259155,1.0428280022000849,0.891761232190599,-0.5799750501690918,-0.48045468475570596,-0.5712647132380512,0.7588566984261507,1.0608334291512393,0.16055942273967147,0.013079796228911098,6
-0.2012415944430898,0.16228447090383447,0.7472224627526685,0.7580388944770443,0.891761232190599,-0.2541939832902776,-0.628341015025699,-0.5718557239202564,-0.6740126881628916,0.8075186260214839,-1.169447700628816,-0.2883390994197909,1
0.66200791211677,0.04475209054554767,1.3044981669223144,0.27202311374677335,0.891761232190599,0.07046756102194271,-0.28995703898418956,-0.571912402558986,-0.39720107650001524,-1.3614893757770445,-0.5846182754776873,-0.2206993388834963,1
0.7045624652570448,-1.7887530430437248,0.46858461066784546,-1.4166669610241251,0.891761232190599,-0.4870546771418012,1.5505653280564011,2.384676921934416,-0.5487730958792237,-0.24136298068765838,-1.002885033642012,0.2470370107211418,2
0.38844292764357474,-0.05397510895541324,-1.4818803539259155,-0.17494480029386694,0.891761232190599,-0.3527119691505376,0.1504792472920607,2.201441870698975,-0.2880178422014329,1.2864419256886772,0.05212459004394765,0.4157433344064147,5
-0.158687041302815,0.12937540440351417,0.46858461066784546,-0.03905822421395181,0.891761232190599,-0.554226031137433,0.1361561160310444,2.303929272237442,-0.44858142205228935,-1.440650251755093,-0.2813389422382626,0.4962525876845728,5
-1.6724132887211605,-1.8169608143297138,1.0258603148374914,-0.30588531325976215,-1.1213763997606334,-0.6057240692007507,1.393010884185222,1.4219164832397255,-0.4742715948284264,-1.9476756623944935,0.0027053621993858796,-0.013875341117023808,2
1.4279898686417158,-1.177584665180634,1.0258603148374914,-1.052220205254238,-1.1213763997606334,-0.3762219430490087,0.2972913427174774,-0.3890048451566427,-0.41004616288808377,1.4170573710524572,-0.28243808674122167,0.2240126499298429,3
0.8687014559409619,-0.04927381374108177,-0.6459667976714465,-0.20852596564694928,-1.1213763997606334,-0.47138136120948704,1.0671596479971022,0.5647491249180008,-0.5796013032105881,0.36025967674551,-0.370750120075088,0.010621432107448134,3
0.26685849009993245,-0.17620878452803151,-0.08869109350180054,-0.7531135464116665,0.891761232190599,-0.5396722377717127,-0.08227163569945369,1.8349717682280928,-0.7228240164375521,-0.8746499885120463,-0.11481855004003426,0.7185825216941951,5
0.2850961557314788,-0.9942341518217068,-1.2032425018410926,-1.1654590186541673,-1.1213763997606334,-0.5038475156407091,1.1817446980852324,2.0585806443120207,-0.5474885872404168,-0.4828036524207062,-0.7907924193595762,0.5981661137375887,5
-0.031023381881990556,-1.8122595191153823,1.0258603148374914,-0.93533692429661,-1.1213763997606334,-0.4848156320086134,2.5173766881749993,1.0399179865963482,-0.24306003984319305,-1.7109846432201286,-0.11515674834863672,-0.2968738794527851,2
0.03584805876701272,-0.6369357155325153,0.46858461066784546,-1.8415077506073079,0.891761232190599,-0.49153276740817664,1.1316137386716754,2.3194576664099373,-0.41004616288808377,0.609616436076363,0.05444970341559114,0.05977134093867588,5
-0.8517183353015755,0.26101167040479484,-0.08869109350180054,0.16919706479741223,-1.1213763997606334,-0.5587041214038084,0.10034828787850372,-0.5718659726604102,-0.12745426235057652,0.1781896619959983,-1.8035695292587806,0.07261477328349211,3
0.6012156933449488,0.580699744979335,-0.6459667976714465,0.06975516429448597,-1.1213763997606334,-0.5754969599027163,-0.734045723731999,-0.5702429449015011,-0.8005367890853665,1.7376589187635536,0.18195046575878895,0.13776576590176853,3
-0.09181560065381171,-0.6792473724614985,0.46858461066784546,-0.888219165157789,-1.1213763997606334,-0.5799750501690918,-0.35799191247401685,-0.5719230239806,0.0523769470823826,-0.15428601711180517,0.20566662214954992,-0.056644796071168346,3
0.7045624652570448,-0.49119556388823965,-0.9246046497562695,0.1275460069951396,0.891761232190599,-0.4075685749136369,0.4799112662954348,-0.5709914135006152,-0.28159529900739866,-0.34031407566021904,-1.002377736179108,-0.015412904542815131,6
-2.456632910877653,-0.0962867658843965,-0.08869109350180054,0.2983153439844581,-1.1213763997606334,-0.349353401450756,0.24716038330392062,-0.571929328508634,-0.31370801497756995,-1.0329717404681433,2.99601404206427,0.02717847103150612,0
-0.9125105540733967,-0.5664162873175432,-1.2032425018410926,-0.06951556023186357,0.891761232190599,-0.4870546771418012,1.1996486121615026,-0.5719216885387011,-0.4742715948284264,-1.3337830691847274,-0.957735559443558,-0.02351768802452872,2
-0.7422923415122974,-0.8343901145344371,1.5831360190071375,-0.13251278515780143,0.891761232190599,-0.5855726630020611,0.9561553807242259,-0.5719085825740194,-0.5198716515060696,-1.3535732881792397,0.485610272095391,0.10446492187481352,2
-0.14652859754845077,0.02124561447389031,-0.08869109350180054,0.488608614318592,0.891761232190599,-0.5553455537040268,-0.08585241851470775,-0.571929328508634,-0.19167969429091916,-1.1952515362231428,-0.6204672961895679,0.07029974134578935,1
-0.26811303509209305,0.1716870613324969,-0.08869109350180054,0.49355467743261194,-1.1213763997606334,-0.42100284571276325,0.7055005836564411,-0.5719097006184,0.7973919575903562,0.13465118020807204,-1.7079862322899568,0.19805215107121368,3
0.7228001308885912,-0.9707276757500495,-0.9246046497562695,0.44305276984735614,0.891761232190599,-0.6247559528328464,0.9382514666479556,-0.571929328508634,0.0523769470823826,0.2533924941751444,-1.6789434525387044,0.15322826814983947,6
-0.3228260319867321,-1.285714455110258,-0.36732894558662355,-0.5375693222849044,0.891761232190599,3.948493731703085,2.2309140629546738,-0.571929328508634,0.6689410937096714,-0.04741883454143963,-0.7734174812551151,-0.0545599643073835,8
1.1118703310282458,-0.3971696596016107,-0.08869109350180054,-0.09242364202311387,-1.1213763997606334,0.11524846368569727,1.3536222732174272,-0.5675192645636453,-0.6085027475837422,1.0529173415534343,0.26662686727517687,-0.1763488865084816,3
0.029768836889830605,0.8392709817675654,-1.4818803539259155,0.5331231823447712,0.891761232190599,-0.11649270759923251,-0.7149959591548474,-0.571929328508634,0.09733474944062244,0.6887773120544111,-0.24024784774304117,-0.044648326630389715,6
0.6802455777483163,0.9285955908398634,1.0258603148374914,1.2435340369847867,0.891761232190599,-0.6180388174332831,-0.7017470627384074,-0.5713112984205686,-0.9058664974675283,1.7218267435679437,0.3501618495000308,-0.04900041293729058,1
-1.4596405230197869,0.28451814647645224,1.5831360190071375,0.48314191298204373,-1.1213763997606334,0.16450745661582727,0.21851412078188803,-0.571929328508634,-0.8018212977241734,-0.22157276169314644,-1.701940937523685,0.06462291818898352,3
-2.237780923299097,-1.4549610828261905,-1.2032425018410926,0.491211805431234,-1.1213763997606334,-0.603485024067563,2.1628791894648463,-0.571929328508634,-0.3779334469179125,-1.3179508939891178,0.39421217919552637,-0.16204607192901596,2
-1.8912652762997166,-0.9519224948927236,1.3044981669223144,0.3391854444529383,-1.1213763997606334,-0.6258754753994402,0.8451511134513497,-0.571929328508634,-0.12745426235057652,-1.6425104854991166,-0.882697809722346,-0.30149525652917486,2
-2.3228900295796464,-1.7605452717577361,-0.6459667976714465,-1.0009373403351898,0.891761232190599,-0.5419112829049004,1.8764165642445212,-0.571898364890654,-0.35866581733580977,-1.654384616895824,-0.4251577729715386,-0.056067123936619626,2
-1.1070456541432243,-0.2984424601006498,1.5831360190071375,0.6614605041980242,0.891761232190599,-0.4780984966090503,0.1397368988462985,-0.571929328508634,-0.06322883041023392,-1.3812795947715566,0.14800381053279832,-0.12376334866651674,1
0.4370767026610317,-0.3078450505293127,-0.9246046497562695,-1.0680996710413544,0.891761232190599,0.48916900092804755,-0.311441735875714,-0.571929328508634,-0.8936636653988632,0.9302179837874591,-0.3711728679608409,-0.06868904290653371,6
0.400601371397939,-0.8814030666777516,-1.2032425018410926,-0.8832731020437691,0.891761232190599,-0.2777039571887488,-0.4493018742629956,-0.571929328508634,1.0735613149338294,-0.5698806159965597,-0.920280096765815,0.2527225206769634,6
-1.4292444136338762,1.1683616467707685,1.5831360190071375,1.0644344884350139,0.891761232190599,-0.39637334924769824,-0.3436687812130006,-0.5718749791290302,-0.365088360529844,0.2850568445663639,-0.594299202061438,0.3838931858150933,1
-0.18908315068872555,-0.011663452026429997,-0.08869109350180054,0.4870466996510067,-1.1213763997606334,-0.5239989218393987,-0.4664896317762151,-0.5719175269290628,-0.5295054662971209,-0.4194749516382676,-1.0468508137603558,-0.22412628109521765,3
-0.21947926007463614,-1.064753580036679,-1.4818803539259155,-2.054709102732692,0.891761232190599,-0.5564650762706207,0.06812124254121718,-0.571929328508634,-0.39720107650001524,1.6822463055789196,1.3596415258903591,0.07840452482750294,6
-0.9185897759505788,-1.9109867186163432,-0.9246046497562695,-2.340799806012053,0.891761232190599,-0.5116841736068661,0.6374657101666139,-0.571929328508634,1.4460688201878162,-1.5198111277331414,-1.6416570890152629,-0.0027866421733931577,2
0.10271949941601599,0.905089114768206,-0.08869109350180054,0.8405600527477974,-1.1213763997606334,-0.07842894033504116,-0.18253355452656755,-0.4936662218792591,0.4698422546946092,1.5832952106063594,0.021052620441079414,-0.045525693330982504,3
0.7957507934147765,0.9332968860541948,1.0258603148374914,0.4513829814078107,0.891761232190599,-0.3292019952520665,-0.45789575301960544,-0.571929328508634,-0.6386887005957033,1.4091412834546524,0.12885333130817325,0.27437871062327845,1
0.9781274497302394,-1.859272471258697,1.3044981669223144,-2.574306048816046,0.891761232190599,-0.3403972209180051,0.1755447269988392,-0.5698329952953471,-0.7440184089778651,0.9816725531731907,-0.8842619768996329,-0.01888762414912321,1
-0.1343701537940865,1.2905953223433868,-0.6459667976714465,0.5638408374739472,0.891761232190599,-0.5945288435348121,-0.2756339077231733,-0.5719229929238115,-0.26875021261933013,1.4803860718348962,0.5615780671652618,0.10765297711360118,6
0.2729377119771146,0.5054790215500314,1.5831360190071375,-1.1883671004454173,-1.1213763997606334,-0.44003472934485893,-0.48367738928943466,-0.5718411272297341,-0.6316239030822656,1.6941204369756269,-0.1509634942719424,-0.07459606623725745,3
0.9416521184671466,-0.7826758671767909,0.46858461066784546,-1.0142136150096643,0.891761232190599,0.6459021602511882,-0.5710484899816339,-0.5712771359533892,-0.878249561733181,0.5739940418862411,-0.7497435996529302,-0.07824452182388093,1
0.6012156933449488,0.08706374747453091,-0.9246046497562695,-1.30056463740029,0.891761232190599,-0.4646642258099239,-0.0070751965791183,-0.5706063093251373,-0.6894267918285739,1.516008466025018,0.0861980696356643,-0.13511699498012839,6
0.6255325808536772,-1.0083380374647013,-0.36732894558662355,-0.6141031409965808,-1.1213763997606334,-0.14112220406429743,-0.6620003734890872,-0.5719252600693607,-0.05680628721619966,-0.1147055791227809,-1.1122921864749684,0.19115917605220004,3
0.2547000463455682,1.0978422185557963,1.5831360190071375,0.02289772426692912,0.891761232190599,-0.6146802497335015,-0.7315391757613212,-0.5623017241216871,-0.6740126881628916,1.6466239113887977,-0.3690591285320745,0.017831475290537392,1
0.7106416871342269,0.8580761626248913,0.46858461066784546,1.2989820076840626,0.891761232190599,0.8586114479040224,-0.6362187372192579,-0.571929328508634,-0.5603336736284854,1.0806236481457514,-0.7716419401349517,-0.208199035099803,1
0.5343442526959455,0.2187000134758116,-0.08869109350180054,0.4261320276151827,-1.1213763997606334,-0.45458852271057915,0.7269852805479655,-0.571929328508634,-0.4550039652463236,1.0093788597655078,-1.0852363217867564,-0.366203222397647,3
0.607294915222131,0.19049224218982277,-0.08869109350180054,0.9865990741670164,-1.1213763997606334,-0.4646642258099239,-0.3544111296587628,-0.571929328508634,-0.5256519403807004,-0.5144680028119256,-0.16094034437572008,-0.16493877600126744,3
-0.158687041302815,0.8439722769818969,-0.08869109350180054,0.9938880092824142,0.891761232190599,1.082515961222795,-0.6537645730140028,-0.5719173716451211,0.6175607481573973,0.5581618666906314,2.380154922098848,-0.10089100685799382,0
0.5829780277134025,-0.4441826117449249,0.46858461066784546,0.8317092029648144,0.891761232190599,-0.5743774373361225,-0.7171444288439999,-0.571929328508634,-0.8609086951092885,1.0054208159666054,0.3497391016142779,-0.06272555538220748,1
0.4127598151523032,0.580699744979335,-1.2032425018410926,0.7658484678149705,0.891761232190599,-0.0795484629016349,-0.15030650918928093,-0.571929328508634,0.7331665256500136,1.5555889040140423,0.05664799242150803,-0.1727872989120158,6
0.1513532744334729,0.3033233273337781,1.3044981669223144,0.29467087642675915,-1.1213763997606334,2.862556842107038,-0.7555483245375997,-0.571929328508634,-0.31370801497756995,0.04361617283331621,-1.0093108015054624,-0.04435731886336141,8
0.6255325808536772,0.5665958593363406,-0.08869109350180054,-0.008080249973511231,0.891761232190599,-0.12768793326517117,-0.204018251418092,-0.571929328508634,1.8249988686358372,1.6941204369756269,-1.467865433182077,-0.5596669232778649,6
-0.21340003819745404,-2.131947593689922,0.18994675858302246,-3.134773095367879,0.891761232190599,9.501325662008647,1.3034913138038704,-0.571929328508634,0.7524341552321164,-0.5065519152141208,1.993213782268844,-0.5089968246188774,8
0.4066805932751211,0.5101803167643629,-0.9246046497562695,0.0931838843082644,-1.1213763997606334,-0.554226031137433,-0.6935112622633229,-0.5641961882107315,-0.8776073074137777,0.07528052322453563,0.05571794707285112,-0.12469283616120415,3
-0.25595459133772885,-0.41127354524460513,-0.08869109350180054,-1.370590478330361,0.891761232190599,-0.5105646510402723,0.29012977708696924,-0.571929328508634,-0.20452478067898766,1.0054208159666054,-1.0466394398174794,0.052344127780192366,1
0.0054519493811021405,0.016544319259558835,-0.36732894558662355,0.6351682739603394,-1.1213763997606334,-0.2620306412564347,1.4252379295225088,-0.571929328508634,0.20651798373920469,0.24151836277843716,1.0677763855662743,-0.1045394624446173,3
0.0054519493811021405,0.9003878195538746,-0.9246046497562695,1.064955126657542,0.891761232190599,-0.406449052347043,-0.5832231515534977,-0.571929328508634,1.2084347220085485,-0.6015449663877791,0.9014250925223469,-0.221693977370802,6
-0.22555848195181827,0.5007777263357,-0.08869109350180054,0.40348426493519696,-1.1213763997606334,-0.43667616164507733,1.0743212136276101,-0.5712460791650442,-0.14672189193267932,0.6650290492609965,0.04252821303734736,0.021592859264365886,3
-0.17692470693436133,-0.08218288024140208,0.7472224627526685,-1.1329191297461416,0.891761232190599,-0.14336124919748522,-0.6229698408028178,-0.5520529839678404,-0.8821030876496015,1.3656028016667259,-0.7699932233805138,-0.003425121901052267,1
-0.5903117945827452,-0.41127354524460513,-0.9246046497562695,-0.593798250317973,0.891761232190599,-0.6281145205326278,-0.18253355452656755,-0.571929328508634,-0.39720107650001524,-0.2888595062744875,0.6612620186258912,0.21391858947351794,6
0.7714339059060481,0.322128508191104,0.7472224627526685,0.5495232863544159,-1.1213763997606334,1.4855440851965858,0.03947498001918462,-0.571929328508634,-0.3008629285895014,0.5423296914950216,0.14026752422351305,-0.3452463197721014,3
0.4492351464153959,1.1871668276280944,0.18994675858302246,1.2521245676565058,-1.1213763997606334,-0.3370386532182235,-0.4940616594536715,-0.5719191729388452,-0.4228912492761523,0.08715465462124292,-0.5788266294428669,-0.11225333997062123,3
0.4370767026610317,0.7828554391955878,1.3044981669223144,0.32044246844191554,0.891761232190599,-0.4904132448415827,-0.3758958265502872,-0.3874520057393932,-0.19167969429091916,-1.3021187187935082,0.054661077358467605,-0.2635686920263222,1
0.04800650252137695,0.8768813434822171,-1.4818803539259155,0.9715005657136926,0.891761232190599,-0.5497479408710575,-0.5427603057411268,-0.5700317587407551,-0.10818663276847375,0.7521060128368499,-0.5797989495800994,-0.10528652715997354,6
-0.10397404440817594,0.8627774578392228,-0.6459667976714465,0.8822111105500703,-1.1213763997606334,-0.45122995501079755,-0.5846554646795994,-0.5718933026341537,-0.5211561601448763,-0.35218820705692633,0.13883018141195155,-0.3291670547939108,3
-1.2955015323358696,-0.45358520217358783,-1.4818803539259155,-0.6963639801560698,0.891761232190599,-0.5441503280380882,0.2364180348581584,-0.5718234248603775,1.9855624484866936,0.7125255748478256,1.247951534474335,-0.08502022505618168,6
0.6863247996254984,-0.41597484045893657,0.18994675858302246,-0.12027778692838365,-1.1213763997606334,-0.04260421820403745,-0.33292643276723843,-0.571929328508634,-0.1338768055446108,1.0252110349611174,0.1503289239044418,-0.06724269087040798,3
-0.04318182563635479,0.11057022354618827,-1.2032425018410926,-0.413657425323143,0.891761232190599,-0.2844210925883119,0.21493333796663397,-0.4986353080144575,3.5398179014429836,0.23756031897953472,-1.7385086296413461,0.788407012182956,6
1.543495084308176,0.322128508191104,-1.4818803539259155,-0.204360859866722,0.891761232190599,0.16450745661582727,0.5300422257089917,-0.5714324198951142,-0.5140913626314387,0.9223018961896543,-0.6510742431181077,-0.040313613921520386,6
0.8808598996953262,-0.773273276748128,1.0258603148374914,-0.7010497241588253,0.891761232190599,-0.10641700449988761,-0.7225156030668809,-0.5719231792645416,-0.8076015865988042,0.49087512210929013,1.2588584299267707,-0.28672769820236554,1
1.6225249687115435,-0.886104361892083,1.0258603148374914,-0.23117372832693506,0.891761232190599,2.4931143951310624,-0.2505684280163949,-0.5719129926379645,-0.7221817621181487,0.910427764792947,0.2270576651686674,0.04151603280703482,8
0.820067680923505,-0.3642605931012904,1.3044981669223144,0.1288476025514606,0.891761232190599,3.220804063417073,0.06095967691070904,-0.571929328508634,-0.7427339003390582,1.136036261330385,-1.713397405227599,-0.21156082631890605,8
0.5404234745731277,-0.886104361892083,1.0258603148374914,-0.832250556235985,0.891761232190599,0.20928835927958167,1.539822979610639,0.07405186906715844,-0.9277031443272448,1.579337166807457,1.3307255705048329,0.3669235239377862,1
0.9842066716074215,-0.6087279442465264,1.3044981669223144,-0.20930692298074194,0.891761232190599,-0.5251184444059925,-0.7021051410199327,-0.5719196387906703,-0.4550039652463236,0.21381205618612018,0.31811755975993017,-0.2990064886111567,1
0.4127598151523032,-0.6745460772471671,-1.4818803539259155,-0.4717085871350605,-1.1213763997606334,2.6162618774563877,-0.5026555382102812,-0.571929328508634,-0.7408071373808479,1.618917604796481,-1.7847995231313334,-0.32176590203247457,8
0.820067680923505,-0.035169928098087354,0.7472224627526685,-0.38788583330798665,0.891761232190599,1.1496873152184268,0.45126500377340245,-0.571727148816508,-0.7491564435330925,0.7085675310489232,-0.9234084311203894,0.14848093248772107,1
1.0206820028705141,-0.886104361892083,0.7472224627526685,-1.0103088283407011,0.891761232190599,2.795385488111406,-0.6544807295770536,-0.5718802587830488,-0.7510832064913027,0.9975047283688004,-1.684100976744895,0.04325339261018886,8
0.05408572439855907,-1.859272471258697,0.46858461066784546,-0.7757613090916523,0.891761232190599,-0.5217598767062109,1.4180763638920006,-0.571929328508634,-0.6560295672195957,0.6610710054620941,-0.12014517340052616,-0.055254908228645115,2
0.7106416871342269,-1.0976626465369992,0.46858461066784546,-0.37591115418983334,0.891761232190599,1.1496873152184268,-0.7471155810076764,-0.5715007448294731,0.48910988427671204,-0.4036427764426579,0.39015379949229384,0.10736196934657287,1
1.2577716560806167,0.3926479364060761,0.46858461066784546,-0.19212586163730422,0.891761232190599,-0.3370386532182235,-0.653048416450952,-0.5614010772596824,-0.08249645999233671,1.6505819551877001,0.5964124929513338,0.9292504280251459,1
1.6711587437290005,-0.8437927049631,1.5831360190071375,-0.8502125749132149,-1.1213763997606334,2.4035525898035535,-0.2648915592774111,-0.5717768396778601,-0.3779334469179125,0.8629312392061179,0.20972500185278187,-0.15324200112653288,8
0.9112560090812367,-0.06337769938407618,0.18994675858302246,-0.09190300380058529,-1.1213763997606334,-0.26874777665599786,-0.6806204441284084,-0.0719150361542946,-0.5796013032105881,1.4962182470305059,0.6955045973719094,0.7198985717450843,3
0.34588837450329996,-0.6416370107468468,1.3044981669223144,-0.5094548582683706,0.891761232190599,2.9409234217686073,-0.43247219503130147,-0.571929328508634,-0.6213478339718108,1.5832952106063594,-1.7837849282055254,-0.31858219019319484,8
0.5951364714677667,-0.8908056571064145,1.0258603148374914,-0.8434442780203456,0.891761232190599,0.19809313361364303,1.4646265404903036,0.42188789853104675,-0.6425422265121238,1.4962182470305059,1.1812419181024625,0.37404669913071775,1
-0.02494416000480844,-0.2138191462426833,1.5831360190071375,-0.2556437247857702,-1.1213763997606334,3.7693701210480666,1.0886443448886265,-0.5692522333532958,5.196834045503821,0.387965983337827,-1.666176466388955,0.9470844264045221,8
1.5556535280625403,-1.3233248168249097,1.5831360190071375,-1.0527408434767667,-1.1213763997606334,-0.32360438241909717,-0.6931531839817976,-0.5667739016433656,-0.6142830364583731,-0.14636992951400032,0.5568010160562482,-0.1405592745635084,3
-0.5355987976881061,0.5336867928360203,0.18994675858302246,0.15878430034684426,-1.1213763997606334,-0.29113822798787514,-0.7444299938962359,-0.4818646423081629,5.068383181623136,0.15048335540368132,0.7832670584542973,0.874289050652368,6
0.6802455777483163,-0.5664162873175432,1.5831360190071375,0.1527969607877674,-1.1213763997606334,-0.455708045277173,-0.5459830102748554,-0.571929328508634,-0.8666889839839194,1.7376589187635536,0.9844950520728724,-0.01715026434596917,3
0.4370767026610317,-0.0962867658843965,-0.08869109350180054,0.22802918394312283,0.891761232190599,0.14211700528394997,0.164802378553077,-0.5719218748794311,-0.6463957524285444,1.7218267435679437,0.9623853376479744,0.10746186753525423,1
0.39452214952075687,0.6747256492659645,0.18994675858302246,0.6604192277529674,-1.1213763997606334,0.33243584160490675,1.1495176527479456,-0.5716032322310116,3.430634667144401,0.9697984217764835,0.8817250410462423,0.6393415410723394,6
1.4523067561504444,-0.8155849336771112,-1.4818803539259155,0.09708867097722762,0.891761232190599,1.6982533728494196,-0.32934564995198434,-0.5718967188808717,-0.06965137360426818,1.191448874515019,0.10699726561472732,-0.06301656314923579,6
1.6833171874833641,-0.0069621568120985244,1.0258603148374914,-0.13511597627044344,-1.1213763997606334,-0.2665087315228101,-0.7390946275015073,-0.571929328508634,-0.8538438975958509,1.7455750063613584,0.676988239975915,-0.16725815133847807,3
1.4705444217819907,-1.5113766253981682,-1.4818803539259155,-0.8731206567044651,0.891761232190599,0.4331928725983544,-0.11091789822148625,-0.4930450861123593,-0.8268692161809069,0.6848192682555087,0.5062403689201525,0.351170013922687,6
1.6407626343430899,-0.19031267017102593,1.0258603148374914,-0.13407469982538672,0.891761232190599,-6.23606734706766e-05,-0.43641105612808095,-0.5670844695268155,-0.8294382334585207,0.9618823341786785,0.2758427711845992,-0.06521432330022564,1
0.5647403620818561,-0.3830657739586163,-1.4818803539259155,0.1116665412080231,0.891761232190599,0.15890984378285794,1.339299141956411,-0.571929328508634,5.248214391056096,1.385393020661238,0.6646862765004937,0.21478726937509496,6
1.4705444217819907,-1.03654580875069,1.5831360190071375,-0.6187888849993367,-1.1213763997606334,0.34363106727084536,-0.07511007006894554,-0.5663701633948808,-0.5333589922135415,0.8866795019995325,0.37442757814227073,-0.30688107191895236,3
-0.3896974726357354,0.5665958593363406,0.46858461066784546,-0.1772876722952449,0.891761232190599,-0.2318035319584003,-0.37231504373503316,-0.5718411272297341,0.5982931185752944,1.377476933063433,-1.7940154270407558,0.9701913117864708,1
-0.9611443290908536,-1.647714186613781,0.7472224627526685,-1.8792540217406175,0.891761232190599,1.507934536528463,-0.5613803763804479,-0.5719095453344581,-0.5840970834464121,0.10694487361575505,1.7889842786614207,-0.17820351809834853,0
0.3215714869945715,-0.2514295079573351,0.18994675858302246,-0.03879790510268752,-1.1213763997606334,-0.5038475156407091,-0.7185767419701015,-0.5701280347846246,0.135870008604828,0.9975047283688004,1.0007708456743745,-0.22887361675733606,3
0.6316118027308594,-1.045948399179353,-1.4818803539259155,-1.0800743501595083,0.891761232190599,0.444388098264293,-0.3257648671367303,-0.571929328508634,-0.7318155769092,0.7837703632280694,-1.1549897229360528,0.0675764298543454,6
1.0267612247476963,0.16698576611816593,-0.36732894558662355,0.6984258179975413,-1.1213763997606334,1.4967393108625244,-0.49764244226892557,-0.571915104499572,0.6239832913514315,0.08715465462124292,-0.9743918261422387,0.05362108723551058,3
0.4309974807838496,0.07766115704586797,-0.9246046497562695,0.6411556135194163,0.891761232190599,-0.18814215186123964,-0.7099828632134917,-0.5719244525928637,-0.8769650530943741,0.7362738376412402,-1.5051095219169437,0.4345632844740808,6
0.8687014559409619,0.5571932689076776,0.46858461066784546,-0.4037652990951031,0.891761232190599,-0.4042100072138553,-0.7232675674580843,-0.4178876583174834,-0.5526266217956443,-0.26511124348107296,0.3071261147303439,18.090899250379753,4
0.400601371397939,-0.41597484045893657,-1.2032425018410926,-0.07550289979094067,-1.1213763997606334,0.5451451292577407,1.4646265404903036,-0.571929328508634,0.020264231112211296,-0.6925799737625349,-0.7903696714738233,-0.12411082062714754,2
-0.7240546758807511,0.1857909469754913,1.3044981669223144,0.35402363379499807,-1.1213763997606334,-0.4792180191756441,-0.3758958265502872,-0.571929328508634,0.2707434156795473,-0.759866718343876,-0.7904964958395493,-0.3303962368546423,3
-0.5659949070740168,0.44906347897805377,1.0258603148374914,0.856699837646178,0.891761232190599,2.425943041135431,-0.7485478941337781,-0.571562858406163,-0.8609086951092885,-0.6450834481757057,3.4299224720014676,-0.1732216388628043,0
0.16351171818783647,0.6559204684086385,-1.4818803539259155,0.668749439313422,-1.1213763997606334,-0.36166814968328853,-0.6766815830316288,-0.571929328508634,-0.7915452286137186,0.9025116771951421,-1.000771294213245,-0.1550966327163998,3
0.41883903702948533,0.35503757469142433,0.46858461066784546,0.5609773272500411,-1.1213763997606334,-0.5564650762706207,-0.6534064947324775,-0.5719151666131487,-0.031116114440062615,0.2929729321641687,0.09532942396793613,-0.3747162854331018,3
0.48571047767848863,0.7875567344099192,-1.2032425018410926,0.6393333797405667,0.891761232190599,-0.4098076200468246,0.5730116194920406,-0.571929328508634,0.6496734641275685,0.7204416624456305,-0.03073399556370078,-0.21573048984647575,6
0.19998704945092918,0.09646633790319387,-1.2032425018410926,0.43055745250667427,-1.1213763997606334,-0.5687798245031531,-0.7089086283689154,-0.5716672092150022,-0.6438267351509307,-1.1160906602450942,-0.5802216974658528,-0.045408421544269606,3
-0.10397404440817594,0.2892194416907837,0.18994675858302246,0.6268380623998848,0.891761232190599,-0.5150427413066477,-0.729140051275101,-0.571929328508634,-0.40362361969404953,0.15444139920258376,-1.8484230799372063,-0.13800969905237984,1
-1.204313204178138,0.5618945641220091,0.7472224627526685,0.8486299451969876,0.891761232190599,2.8065807137773446,-0.6748911916240019,-0.571929328508634,-0.7247507793957623,0.6452388302664843,1.6936969052126238,-0.20867680904567035,0
0.7531962402745017,0.16698576611816593,-1.4818803539259155,0.48131967920319435,0.891761232190599,0.623511708919311,-0.7318972540428466,-0.571929328508634,2.846183236487284,-0.7202862803548519,-0.5788266294428669,-0.1351734591737309,6
0.16351171818783647,0.6559204684086385,-0.08869109350180054,0.7007686899989193,-1.1213763997606334,-0.571018869636341,0.06095967691070904,-0.5714976391506386,-0.3265531013656385,0.5225394725005096,0.22371795687121593,-0.24413632262804427,3
0.8322261246778693,0.4067518220490705,1.0258603148374914,-0.33321881994250335,0.891761232190599,0.3660215186027225,-0.5853716212426501,0.4840014752210268,-0.7420916460196548,-0.5144680028119256,0.3947617514470047,-0.47178257763531795,1
0.2547000463455682,0.749946372695268,0.7472224627526685,0.546920095241774,0.891761232190599,-0.13328554609814033,-0.2147605998638542,-0.571929328508634,0.1679827245749993,0.5898262170818508,-0.1591225284669812,-0.10792731406076768,1
-1.2894223104586875,0.8157645056959081,1.3044981669223144,0.9623893968194454,-1.1213763997606334,3.2096088377511345,-0.3257648671367303,-0.571929328508634,-0.42931379247018653,0.8510571078094106,-1.517242386238064,-0.253257461594603,8
0.2547000463455682,0.6230114019083182,0.46858461066784546,0.8590427096475559,-1.1213763997606334,0.6347069345852496,-0.7489059724153034,-0.571929328508634,1.5616745976804327,0.5106653411038022,-0.7875795354278513,-0.25988114584412775,3
-0.7909261165297543,1.0179201999121614,-0.6459667976714465,0.9196970625721156,-1.1213763997606334,0.06151138048919185,-0.7196509768146776,-0.571929328508634,-0.7542944780883198,0.00799377864319436,-0.3629715589772272,-0.2533226125872213,3
0.8626222340637798,-0.01636474724076147,0.46858461066784546,-0.010943760197417518,0.891761232190599,0.354826292936784,-0.5538607324684144,-0.5718209403173099,-0.4742715948284264,-0.5342582218064378,-0.030860819929426776,0.07423486129993324,1
-0.9672235509680357,0.9003878195538746,1.3044981669223144,0.7215942189000557,-1.1213763997606334,2.5826762004585717,-0.5846554646795994,-0.571929328508634,1.0799838581278633,0.993546684569898,0.41923885403212163,-0.1875331402412857,8
-1.1131248760204064,0.3080246225481096,0.46858461066784546,0.5997648748284077,0.891761232190599,-0.2777039571887488,-0.5842973863980739,-0.5708951374567458,-0.4742715948284264,-1.084426309853875,1.9140331032672497,0.690767391245699,0
0.15743249631065437,-0.5617149921032117,0.18994675858302246,-0.1556811860603158,-1.1213763997606334,0.024567135791594242,-0.6315637195594277,-0.5719197630178238,-0.024693571246028532,0.15048335540368132,1.917372811564701,-0.1007780784707888,0
0.6741663558711342,0.8204658009102395,-0.36732894558662355,0.7650675104811779,-1.1213763997606334,-0.18142501646167658,-0.48725817210468875,-0.571929328508634,-0.031116114440062615,0.6294066550708751,-0.7948085242742325,-0.09146148652637527,3
0.5586611402046741,-0.11039065152739092,0.7472224627526685,0.3868238418142878,0.891761232190599,0.5339499035918022,-0.6634326866151888,-0.5718994829350345,-0.5539111304344512,-1.0210976090714359,0.8939424549445136,-0.2222412457087955,1
0.5343442526959455,0.7922580296242507,0.46858461066784546,0.8551379229785929,0.891761232190599,-0.14336124919748522,-0.6179567448614622,-0.571929328508634,0.7845468712022877,-0.0434607907425372,-0.2849745740557416,-0.15719015127920044,1
-1.7939977262648028,1.2388810749857406,1.0258603148374914,1.1211840546906107,-1.1213763997606334,-0.4086880974802307,-0.7511618655889134,-0.5717488885683496,-0.5481308415598203,-0.6411254043768033,-0.36119601785706323,-0.16942985109242062,3
-1.034094991617039,-1.7699478621863989,0.18994675858302246,-1.4674291877206453,-1.1213763997606334,2.4035525898035535,1.700958206297072,-0.571929328508634,-0.4806941380224606,-1.3733635071737518,-1.1039217783370532,0.02064165477213905,2
-0.37145980700418907,0.670024354051633,0.46858461066784546,0.732267302461888,0.891761232190599,-0.6404292687651604,-0.45968614442723243,-0.5719062222581053,-0.7671395644763883,0.5581618666906314,0.21281106141878073,-0.3479435708664981,1
0.48571047767848863,0.8110632104815766,-1.2032425018410926,0.581282217928649,-1.1213763997606334,1.384787054203138,-0.7404195171431512,-0.571929328508634,-0.4806941380224606,-0.11074753532387847,0.2710657200755868,-0.1688825827544271,3
0.23038315883683974,0.42555700290639636,-0.08869109350180054,0.25666428618218523,-1.1213763997606334,-0.15343695229682996,-0.5005070685211287,-0.5101263197021038,-0.4228912492761523,-1.3060767625924106,-1.1310199178138398,0.24200735409101085,3
-0.19516237256590768,1.2999979127720496,1.0258603148374914,1.2953375401263636,-1.1213763997606334,-0.5844531404354673,-0.046463807546912976,-0.1868251530307577,-0.17883460790285063,-0.2453210244865608,0.22194241575105197,-0.10476966261853521,3
0.7775131277832302,0.2516090799761319,-1.4818803539259155,0.8015121860581665,-1.1213763997606334,-0.5262379669725864,-0.4700704145914692,-0.5717799453566945,0.48268734108267775,-0.10283144772607361,0.13764648733184204,-0.22029974612877087,3
0.05408572439855907,1.243582370200072,0.18994675858302246,0.9759259906051839,-1.1213763997606334,-0.5105646510402723,-0.6580615123923077,-0.5482640557897516,0.4120393659483009,1.0924977795424586,0.3084789079647549,-0.24824517856250358,3
0.16351171818783647,1.1025435137701278,1.5831360190071375,0.9103255745666043,0.891761232190599,-0.480337541742238,-0.6773977395946796,-0.571929328508634,0.6368283777395001,1.618917604796481,0.9851714486900773,-0.17918512638713055,1
0.029768836889830605,0.6935308301232903,-1.4818803539259155,0.6239745521759787,-1.1213763997606334,-0.14000268149770353,-0.5406118360519743,-0.5718898863874358,-0.44858142205228935,-0.20574058649753674,0.8993959026707309,-0.17638797710405255,3
0.10271949941601599,0.3879466411917446,1.3044981669223144,0.5781583885934787,-1.1213763997606334,4.015665085698717,-0.6727427219348494,-0.571924204138557,1.2405474379787198,-1.1160906602450942,1.1124608370903986,0.006886108530666951,8
-0.18300392881154345,0.23280389911880603,0.46858461066784546,0.4794974454243448,0.891761232190599,0.6794878372490042,-0.7182186636885761,-0.571929328508634,-0.4357363356642208,-0.11866362292168332,1.8704477962460833,-0.13407023569872806,0
-0.0857363787766296,0.19519353740415427,-0.36732894558662355,-0.14006203938446338,0.891761232190599,2.2468194304804125,-0.024979110655388652,-0.571929328508634,-0.26232766942529584,1.0054208159666054,2.418963178011002,-0.09147017332539105,0
0.7835923496604122,-0.15270230845637417,-1.2032425018410926,0.488608614318592,0.891761232190599,-0.3594291045501008,-0.7309662505108806,-0.5587923070387032,1.1249416604861031,-0.6173771415833887,-0.6224542112526084,-0.3140042471118839,6
-1.1617586510378635,0.7076347157662847,-1.2032425018410926,1.083958421779829,-1.1213763997606334,2.0676958198253947,-0.7142798025917966,-0.571924825274324,3.379254321592127,0.49879120970709495,-1.272386810809747,-0.14235309856026496,8
0.48571047767848863,1.2576862558430664,0.7472224627526685,1.35390934016081,0.891761232190599,-0.6012459789343751,0.2614835145649367,-0.5390091328629445,1.2148572652025829,0.11486096121355992,-0.7911306176681793,-0.1680095594533422,1
-0.6815001227404762,0.17638835654682836,-0.6459667976714465,0.0007705998094716931,-1.1213763997606334,0.09733610262019542,-0.58071660358282,-0.571929328508634,0.20009544054517045,-0.47092952102399915,-0.7951467225828356,-0.09466257196368659,3
-0.9550651072136714,0.42085570769206493,0.7472224627526685,0.3766713964749839,0.891761232190599,-0.5587041214038084,0.003667151866643911,-0.5719036756014609,-0.6239168512494244,-1.1398389230385089,-1.1705045703431989,-0.018192680227861593,1
1.543495084308176,0.7170373061949477,-1.4818803539259155,1.1342000102538206,0.891761232190599,-0.406449052347043,0.5658500538615325,-0.5718926814983869,-0.6078604932643389,0.04361617283331621,0.05559112270712512,-0.2183929937448093,6
-0.7909261165297543,1.022621495126493,1.5831360190071375,0.6947813504398423,0.891761232190599,0.9705637045634086,-0.19685668578758383,-0.556152480029379,-0.2559051262312616,-0.4155169078393652,1.737070838290914,-0.16465211163374702,0
0.6802455777483163,-0.20911785102835181,-0.08869109350180054,0.5453581805741887,0.891761232190599,-0.42212236827935706,-0.23624529675537861,-0.571929328508634,-0.4678490516343921,-1.3971117699671665,-0.6641371527878848,-0.23523235363687983,1
-0.8030845602841186,-0.0069621568120985244,1.5831360190071375,0.3935921387071571,-1.1213763997606334,-0.619158339999877,-0.59396549999926,-0.571929328508634,-0.5038152935209839,-0.8350695505230221,0.22232288884822995,0.042037240747981035,3
0.09056105566165176,-0.22322173667134623,0.46858461066784546,0.6359492312941321,0.891761232190599,-0.5239989218393987,-0.5398956794889235,-0.571929328508634,1.1377867468741718,-0.9102723827021683,0.648452757687566,-0.04488721360332339,1
0.23038315883683974,-0.3783644787442848,0.18994675858302246,0.30924874665755464,-1.1213763997606334,-0.4982499028077398,-0.18611433734182162,-0.5716569604748484,-0.41646870608211806,-0.5777967035943645,0.39455037750412825,-0.13315377840256432,3
0.041927280644194834,-2.2024670219048943,0.46858461066784546,-0.7195323810585837,0.891761232190599,-0.48817419970839504,1.8406087360919805,-0.571929328508634,-0.3779334469179125,-0.45509734582838945,0.06341195859356084,-0.38863688085587356,2
-0.9246689978277609,0.19049224218982277,-1.4818803539259155,0.5044880801057084,0.891761232190599,0.9593684788974702,-0.7428902572856766,-0.571929328508634,-0.24306003984319305,-1.2585802370055816,-0.6887833545273027,-0.07783624227013973,6
0.8565430121865977,-0.3125463457436442,0.7472224627526685,0.4951165921001972,0.891761232190599,-0.47138136120948704,-0.3902189578113035,-0.571917092134026,-0.7157592189241143,0.2613085817729493,-0.5789957285971684,-0.13812697083909276,1
0.9720482278530572,0.3832453459774131,-0.9246046497562695,0.9004334483385644,-1.1213763997606334,-0.40085143951407365,-0.6036336136004459,-0.571929328508634,0.39919427956023235,0.2692246693707542,-0.4943193270807805,-0.14984980611087462,3
0.16351171818783647,-0.6134292394608579,-1.4818803539259155,0.4992816978804245,0.891761232190599,0.5227546779258635,-0.33292643276723843,-0.5716681409186526,-0.4357363356642208,-1.3812795947715566,-1.000137172384615,-0.07181629055221099,6
-0.2073208163202719,0.2187000134758116,0.18994675858302246,0.5609773272500411,-1.1213763997606334,0.2204835849455203,-0.5900266389024804,-0.5674882077753004,-0.5468463329210134,0.8114766698203864,-1.2148508235587214,-0.15034495365477352,3
0.6802455777483163,0.5336867928360203,-0.36732894558662355,0.5883108339327826,-1.1213763997606334,-0.3762219430490087,-0.2004374686028379,-0.571929328508634,-0.7934719915719288,1.508092378427213,0.012893586246040627,-0.12092710878786776,3
-1.2772638667043232,-0.7873771623911223,1.0258603148374914,-0.24913574700416544,0.891761232190599,-0.431078548812108,1.1781639152699783,-0.571929328508634,-0.4357363356642208,-1.0804682660549725,1.1456888209106089,-0.0004194894415957806,2
0.4370767026610317,0.9191930004112004,1.5831360190071375,1.0542820430957098,-1.1213763997606334,-0.5676603019365594,0.5121383116327214,-0.571482110756466,-0.14029934873864505,0.5779520856851436,-0.6214396163268003,-0.1600828553514519,3
0.16351171818783647,0.27981685126212075,0.7472224627526685,0.7122227308945441,-1.1213763997606334,-0.44563234217782827,-0.7334727984815583,-0.5703795947702189,-0.26232766942529584,0.15444139920258376,-0.15493732439802327,-0.17356911082343512,3
0.9051767872040546,-0.7168577341761503,-0.08869109350180054,0.1567017474567306,-1.1213763997606334,0.3660215186027225,-0.7064020803982377,-0.5719217506522778,1.067138771739795,-0.24136298068765838,-0.32538927193375755,-0.19806588404790706,3
1.3124846529752556,0.22340130869014307,-1.2032425018410926,0.32799172266857746,0.891761232190599,-0.24971589302390218,-0.5921751085916329,-0.5453757744736675,-0.4228912492761523,-0.08304122873156147,0.053561932855509156,-0.4355629691390641,6
-0.7058170102492047,1.1401538754847795,0.7472224627526685,1.094110867119133,0.891761232190599,0.05031615482325321,0.8845397244191445,-0.5716001265521771,0.9386879078591099,-0.55404844080095,0.26709188994950595,-0.177391302390374,1
0.38236370576639267,-0.5523124016745488,1.5831360190071375,0.39697628715359173,0.891761232190599,0.10405323801975863,-0.4897647200753665,-0.571929328508634,-0.5391392810881723,0.12277704881136477,-1.13038579598521,-0.11710491722092888,1
-1.0401742134942211,0.19519353740415427,-1.4818803539259155,0.33215682844880473,-1.1213763997606334,-0.5329551023721496,-0.0034944137638642297,-0.5719078372110993,0.9579555374412128,-0.45509734582838945,-1.2126948093413794,0.05205746341267195,6
-0.7118962321263869,0.6888295349089588,1.0258603148374914,0.5070912712183505,-1.1213763997606334,-0.13328554609814033,-0.028559893470642722,-0.5710939009021537,-0.4550039652463236,1.155826480324897,3.436475064230644,-0.3764927358318268,0
-0.07965715689944748,-1.849869880830034,-1.2032425018410926,-1.4783625903937418,0.891761232190599,-0.5486284183044636,1.8907396955055376,-0.571929328508634,-0.6162097994165834,-0.6134190977844863,-1.1742247517378284,-0.2485665901260871,2
-0.45048969140755657,0.2375051943331375,1.5831360190071375,0.9090239790102833,0.891761232190599,-0.39973191694747984,-0.3866381749960494,-0.571929328508634,-0.5577646563508717,-0.3878106012470482,0.2619343657433156,-0.18500962512720448,1
0.5708195839590382,0.10586892833185681,-1.4818803539259155,0.32408693599961447,-1.1213763997606334,0.1186070313854788,-0.6931531839817976,-0.571929328508634,-0.11460917596250801,-0.5461323532031451,-0.2840022539185086,0.022522346759053295,3
-0.9064313321962145,-0.35955929788695895,1.5831360190071375,0.3446521457894866,-1.1213763997606334,-0.10081939166691829,1.3751069701089518,-0.5719017500805836,1.2855052403369598,-0.44322321443168217,-1.4797869235603203,-0.14108048250445462,2
-0.8638767790559397,-1.7652465669720676,-0.9246046497562695,0.03799623272025297,0.891761232190599,-0.5833336178688734,2.546022950697032,-0.5716591344500326,-0.508311073756808,-1.1437969668374113,0.21674261675628667,-0.18364579768172856,2
-0.006706494373262092,-0.0022608615977670527,0.46858461066784546,1.0391835346423859,-1.1213763997606334,-0.39637334924769824,-0.3400879983977465,-0.5718883335480186,-0.7697085817540021,-0.6292512729800961,-1.3212141916142544,-0.18835838614778389,3
0.30941304324020724,0.7076347157662847,-0.36732894558662355,0.1842955732507363,0.891761232190599,-0.32696295011887877,-0.6032755353189204,-0.5602209193025728,0.8551948463366645,-0.7282023679526566,-0.7910460680910282,-0.08488123627192935,6
0.4370767026610317,-0.06807899459840766,-0.36732894558662355,0.543015308572811,-1.1213763997606334,0.623511708919311,-0.5936074217177345,-0.5718582084633239,-0.7427339003390582,0.47900099071258284,2.1671745372563316,-0.190886244661373,0
-0.02494416000480844,0.7640502583382619,-1.2032425018410926,0.41806213516599244,-1.1213763997606334,-0.40309048464726144,-0.6165244317353605,-0.571929328508634,-0.39720107650001524,-0.8350695505230221,-0.4104461465473235,-0.08191035100853596,3
0.5465026964503098,-0.3783644787442848,1.3044981669223144,0.21709578127002602,-1.1213763997606334,1.418372731200954,-0.6788300527207813,-0.571929328508634,-0.4357363356642208,0.1623574868003886,0.27461680231591473,0.1728343735284328,3
-0.44441046953037444,-0.0022608615977670527,0.18994675858302246,0.6940003931060498,0.891761232190599,-0.6124412046003138,-0.6548388078585791,-0.5719193903363635,-0.41646870608211806,-1.4287761203583855,-1.2133712059585848,-0.14617529012720382,1
-0.38361825075855327,1.022621495126493,-1.4818803539259155,1.058447148875937,0.891761232190599,-0.07171180493547795,-0.5710484899816339,-0.5495994976885862,-0.4678490516343921,0.2613085817729493,-0.4503112721738605,-0.22997684023233886,6
0.09056105566165176,0.9097904099825375,-0.36732894558662355,0.6552128455276832,-1.1213763997606334,-0.6090826369005323,-0.08943320132996183,-0.5717019928179486,-0.6155675450971799,-0.4788456086218038,-0.5794607512714969,-0.33495246293841374,3
-0.29850914447800364,-1.2245976173239488,-1.4818803539259155,-0.7773232237592376,0.891761232190599,-0.5239989218393987,1.1459368699326917,-0.5718476491552866,-0.42931379247018653,-1.2229578428154597,0.22287246109970948,0.04000887317779869,2
-0.19516237256590768,-0.5711175825318746,-1.4818803539259155,0.1311904745528383,0.891761232190599,-0.46914231607629936,0.6732735383191546,-0.571929328508634,0.007419144724142774,-0.43530712683387734,-0.45128359231109355,-0.09220420784222362,6
-1.2347093135640486,-0.3031437553149813,1.0258603148374914,0.2030385492617591,0.891761232190599,-0.07618989520185337,0.8630550275276202,-0.571929328508634,0.8423497599485961,0.21381205618612018,-0.2034265068939281,-0.1470570002273045,1
0.400601371397939,1.1307512850561168,-0.36732894558662355,0.6744764597612346,0.891761232190599,0.45558332393023165,-0.7074763152428138,-0.571929328508634,1.8828017573821454,1.183532786917214,-0.031156743449454304,-0.04274591764593604,6
-0.031023381881990556,0.5524919736933461,1.0258603148374914,0.8257218634057376,-1.1213763997606334,0.33243584160490675,-0.3186033015062221,-0.571929328508634,0.44415208191847216,0.7323157938423378,-0.2006786456365317,-0.09752921563889075,3
-1.7332055074929817,-0.2655333936003295,-0.6459667976714465,0.47559265875538176,0.891761232190599,-0.4075685749136369,0.32593760523951,-0.571929328508634,-0.5192293971866662,-1.0408878280659482,1.0886178563339124,0.1937956195534863,0
0.12703638692474445,1.2153745989140832,1.3044981669223144,1.700394077253467,0.891761232190599,-0.3784609881821965,-0.5610222980989226,-0.571914483363805,1.0286035125755897,0.581910129484046,0.264809051366438,-0.19168543017082387,1
-0.17084548505717922,1.0978422185557963,1.5831360190071375,0.7968264420554109,-1.1213763997606334,2.448333492467308,-0.7153540374363728,-0.571929328508634,0.11017983582869095,-0.7915310687350954,0.35303653512315325,-0.09967485499578599,8
-0.012785716250444208,0.2045961278328172,1.0258603148374914,0.22568631194174488,-1.1213763997606334,-0.6303535656658157,-0.5921751085916329,-0.12160589750627869,-0.5808858118493949,-0.08304122873156147,0.47597162030021634,0.59116021033137,3
1.057157334133607,-0.7168577341761503,-1.2032425018410926,-0.5516265542931715,-1.1213763997606334,-0.4187638005795755,1.0743212136276101,-0.5688516007836455,-0.41646870608211806,-1.654384616895824,-0.5792071025400449,-0.21752865724274018,2
-1.1070456541432243,0.14347929004650858,0.46858461066784546,0.7348704935745299,0.891761232190599,0.5003642265939862,-0.5098171038407894,-0.571929328508634,-0.8320072507361344,-0.08304122873156147,2.0810185181398064,-0.04616417305864161,0
0.8687014559409619,0.6888295349089588,1.0258603148374914,0.8767444092135219,0.891761232190599,0.3212406159389681,0.0537981112802009,-0.571929328508634,-0.7125479473270973,0.6571129616631917,0.0547879017241936,-0.15673843773038038,1
0.09056105566165176,1.304699207986381,0.46858461066784546,1.001176944397812,-1.1213763997606334,-0.381819555881978,-0.6000528307851919,0.13616544575713854,-0.4806941380224606,-1.2744124122011913,0.30885938106193295,0.1649380732230977,3
0.0662441681529233,0.651219173194307,0.46858461066784546,0.8069788873947148,-1.1213763997606334,0.04471854199028389,-0.6265506236180719,-0.5718984270042307,-0.5673984711419231,0.7046094872500208,-0.7059891934774623,-0.20437684353286412,3
1.0389196685020605,-0.3266502313866386,1.5831360190071375,0.20199727281670216,-1.1213763997606334,-0.21724973859268012,-0.5692580985740069,-0.39273165975804153,-0.4357363356642208,-1.2585802370055816,0.2668805160066289,0.20543158683511045,3
-0.15260781942563287,0.23280389911880603,1.0258603148374914,-0.5120580493810125,-1.1213763997606334,-0.4825765868754257,-0.7587180334856626,2.142433972843494,0.5533353162170547,0.10694487361575505,0.2644708530578349,0.7593236090781573,5
